product_group,goc,pol_num,pre_ann,sum_assd,loan_sa
A_IDR,A_AZID_AG__IDR__2025_Q1,14,466751000,7540000000,0
A_IDR,A_EAGLE_AG__IDR__2025_Q1,155,5007373000,96010500000,0
A_IDR,A_SPRING_AG__IDR__2025_Q1,85,1844486000,43975832300,0
CEALSP_IDR,CEALSP_HANA_NK_L_IDR_NO_2021_IF,14,166021800,3182000000,595000
CEALSP_IDR,CEALSP_HANA_NK_L_IDR_NO_2022_IF,27,384951100,5461000000,0
CEALSP_IDR,CEALSP_HANA_NK_L_IDR_NO_2024_IF,10,302849000,3018000000,0
CEALSP_IDR,CEALSP_HANA_NK_L_IDR_NO_2025_Q1,1,27400000,200000000,0
CEALSP_IDR,CEALSP_NISP_NK_L_IDR_NO_2022_IF,30,585533900,8756000000,0
CEALSP_IDR,CEALSP_NISP_NK_L_IDR_NO_2023_IF,46,1203343130,16428000000,0
CEALSP_IDR,CEALSP_NISP_NK_L_IDR_NO_2024_IF,22,1678626700,21974000000,0
CEALSP_IDR,CEALSP_NISP_NK_L_IDR_NO_2025_Q1,2,20280000,300000000,0
CEALSP_IDR,CEALSP_VICTORIA_NK_L_IDR_NO_2022_IF,20,831526000,7656000000,0
CEALSP_IDR,CEALSP_VICTORIA_NK_L_IDR_NO_2023_IF,7,153450000,2136000000,0
CEBEA__IDR,CEBEA__AZID_AG_L_IDR_NI_2014_IF,3353,1586885620,16747600000,9637973.93
CEBEA__USD,CEBEA__AZID_AG_L_USD_NI_2014_IF,32,18259.69,100100,0
CEBSA__IDR,CEBSA__AZID_AG_L_IDR_NI_2014_IF,9916,4277120293,40759850000,18573534.62
CEBSA__USD,CEBSA__AZID_AG_L_USD_NI_2014_IF,56,29628.5,182600,197.92
CECC___IDR,CECC___HSBC_KT_L_IDR_PI_2014_IF,18,2019268839,11536318300,306129841
CECC___IDR,CECC___HSBC_KT_L_IDR_PI_2015_IF,3,179517000,1200000000,55275000
CECC___IDR,CECC___HSBC_KT_L_IDR_PI_2016_IF,1,40482300,230000000,0
CECC___IDR,CECC___HSBC_KT_L_IDR_PI_2017_IF,67,9867692520,30353000000,716856493
CECC___IDR,CECC___HSBC_KT_L_IDR_PI_2018_IF,81,11754461430,40143000000,453050151
CECC___IDR,CECC___HSBC_KT_L_IDR_PI_2019_IF,40,4768933330,17977000000,513133313
CECC___IDR,CECC___HSBC_KT_L_IDR_PI_2020_IF,12,805578510,3753000000,0
CECC___IDR,CECC___HSBC_KT_L_IDR_PI_2021_IF,20,1919936400,7660000000,0
CECC___IDR,CECC___HSBC_KT_L_IDR_PI_2022_IF,79,8730109130,26796000000,13779720
CECC___IDR,CECC___HSBC_KT_L_IDR_PI_2023_IF,158,20681242628,63082226926,80700900
CECC___IDR,CECC___HSBC_KT_L_IDR_PI_2024_IF,77,8393277259,23405100000,0
CECC___IDR,CECC___HSBC_KT_L_IDR_PI_2025_Q1,1,129636000,300000000,0
CEECP__IDR,CEECP__AZID_AG_L_IDR_PI_2014_IF,3682,7151513119,59142200000,26548330
CEECP__USD,CEECP__AZID_AG_L_USD_PI_2014_IF,84,201031.5,868000,-18.29
CEEDU__IDR,CEEDU__AZID_AG_L_IDR_PI_2014_IF,3,5811000,65000000,4
CEEEP__IDR,CEEEP__AZID_AG_L_IDR_PI_2014_IF,5,6508400,300000000,0
CEEFP__IDR,CEEFP__AZID_AG_L_IDR_PI_2014_IF,5435,17447350369,1.21876E+11,155525845.8
CEEFP__USD,CEEFP__AZID_AG_L_USD_PI_2014_IF,221,580760.56,2805120,52.08
CEEFP__IDR,CEEFP__EAGLE_AG_L_IDR_PI_2014_IF,1,3651600,85000000,0
CEESP__IDR,CEESP__AZID_AG_L_IDR_PI_2014_IF,10865,16842154769,1.41295E+11,27246655.5200000001
CEESP__USD,CEESP__AZID_AG_L_USD_PI_2014_IF,117,138926.24,789800,-0.69
CEEUP__IDR,CEEUP__AZID_AG_L_IDR_PI_2014_IF,2736,8466689687,46944200000,15625756
CEEUP__USD,CEEUP__AZID_AG_L_USD_PI_2014_IF,96,209310.34,782800,0.13
CEFC50_IDR,CEFC50_HSBC_KT_L_IDR_PI_2014_IF,1,109588000,1000000000,0
CEFC50_IDR,CEFC50_HSBC_KT_L_IDR_PI_2015_IF,2,211775000,800000000,0
CEFC50_IDR,CEFC50_HSBC_KT_L_IDR_PI_2016_IF,2,127143000,700000000,0
CEFC50_IDR,CEFC50_HSBC_KT_L_IDR_PI_2017_IF,83,10033284800,56901000000,483156720
CEFC50_IDR,CEFC50_HSBC_KT_L_IDR_PI_2018_IF,9,723876200,3870000000,145230000
CEFC50_IDR,CEFC50_HSBC_KT_L_IDR_PI_2019_IF,9,580911650,4060000000,0
CEFC50_IDR,CEFC50_HSBC_KT_L_IDR_PI_2020_IF,3,216551500,1650000000,21138000
CEFC50_IDR,CEFC50_HSBC_KT_L_IDR_PI_2022_IF,17,1623769750,11075000000,0
CEFC50_IDR,CEFC50_HSBC_KT_L_IDR_PI_2023_IF,31,6122244090,34947000000,0
CEFC50_IDR,CEFC50_HSBC_KT_L_IDR_PI_2024_IF,2,991988000,5200000000,0
CEFC55_IDR,CEFC55_HSBC_KT_L_IDR_PI_2017_IF,32,3967166800,18460000000,0
CEFC55_IDR,CEFC55_HSBC_KT_L_IDR_PI_2018_IF,5,628141000,2600000000,0
CEFC55_IDR,CEFC55_HSBC_KT_L_IDR_PI_2019_IF,4,227897640,1148000000,25498220
CEFC55_IDR,CEFC55_HSBC_KT_L_IDR_PI_2020_IF,1,24012000,100000000,0
CEFC55_IDR,CEFC55_HSBC_KT_L_IDR_PI_2022_IF,9,1036645875,6463500000,0
CEFC55_IDR,CEFC55_HSBC_KT_L_IDR_PI_2023_IF,10,1083449300,5070000000,0
CEFC55_IDR,CEFC55_HSBC_KT_L_IDR_PI_2024_IF,8,1700389920,6372000000,0
CEFC60_IDR,CEFC60_HSBC_KT_L_IDR_PI_2016_IF,1,99325000,500000000,0
CEFC60_IDR,CEFC60_HSBC_KT_L_IDR_PI_2017_IF,34,4499240560,23706000000,209103491
CEFC60_IDR,CEFC60_HSBC_KT_L_IDR_PI_2018_IF,5,738882100,3502000000,0
CEFC60_IDR,CEFC60_HSBC_KT_L_IDR_PI_2019_IF,1,100816800,420000000,0
CEFC60_IDR,CEFC60_HSBC_KT_L_IDR_PI_2020_IF,2,155760000,1500000000,0
CEFC60_IDR,CEFC60_HSBC_KT_L_IDR_PI_2021_IF,1,114061500,450000000,0
CEFC60_IDR,CEFC60_HSBC_KT_L_IDR_PI_2022_IF,6,690995500,8650000000,0
CEFC60_IDR,CEFC60_HSBC_KT_L_IDR_PI_2023_IF,5,397774698,1761000000,0
CEFC60_IDR,CEFC60_HSBC_KT_L_IDR_PI_2024_IF,3,119658500,770000000,0
CEFPST_IDR,CEFPST_QNB_NK_L_IDR_NO_2021_IF,2,24817500,225000000,0
CEFPST_IDR,CEFPST_QNB_NK_L_IDR_NO_2022_IF,8,313584000,3061864410,0
CEFPST_IDR,CEFPST_QNB_NK_L_IDR_NO_2023_IF,9,371400000,4470000000,0
CEFPST_IDR,CEFPST_QNB_NK_L_IDR_NO_2024_IF,16,742260260,7335441965,0
CEFPST_IDR,CEFPST_QNB_NK_L_IDR_NO_2025_Q1,5,183248000,1343000000,0
CEFR50_IDR,CEFR50_AZID_AG_L_IDR_NI_2014_IF,1360,5831441058,55424125000,879097651.8449315068
CEFR50_USD,CEFR50_AZID_AG_L_USD_NI_2014_IF,77,194187.9,571600,-0.01
CEFR50_IDR,CEFR50_SPRING_AG_L_IDR_NI_2014_IF,1,1196400,30000000,-1
CEFR55_IDR,CEFR55_AZID_AG_L_IDR_NI_2014_IF,530,2701797335,21524500000,145079670
CEFR55_USD,CEFR55_AZID_AG_L_USD_NI_2014_IF,27,84415.16,298700,0.07
CEFR60_IDR,CEFR60_AZID_AG_L_IDR_NI_2014_IF,89,423754256,3438200000,26373413
CEFR60_USD,CEFR60_AZID_AG_L_USD_NI_2014_IF,4,7029,45000,0
CEGPST_IDR,CEGPST_BTPN_NK_L_IDR_NO_2020_IF,21,730165100,7732343250,0
CEGPST_IDR,CEGPST_BTPN_NK_L_IDR_NO_2021_IF,99,2684457974,29814560000,16579929
CEGPST_IDR,CEGPST_BTPN_NK_L_IDR_NO_2022_IF,74,2083784067,23551079680,0
CEGPST_IDR,CEGPST_BTPN_NK_L_IDR_NO_2023_IF,38,1291368550,14248769231,0
CEGPST_IDR,CEGPST_BTPN_NK_L_IDR_NO_2024_IF,31,1524974500,13266701960,0
CEGPST_IDR,CEGPST_BTPN_NK_L_IDR_NO_2025_Q1,2,105045000,1800000000,0
CEHPST_IDR,CEHPST_HSBC_KT_L_IDR_NO_2020_IF,3,133610000,1450000000,0
CEHPST_IDR,CEHPST_HSBC_KT_L_IDR_NO_2021_IF,54,2143805600,26130000000,0
CEHPST_IDR,CEHPST_HSBC_KT_L_IDR_NO_2022_IF,252,19012105700,1.47195E+11,0
CEHPST_IDR,CEHPST_HSBC_KT_L_IDR_NO_2023_IF,516,45891236700,4.14235E+11,0
CEHPST_IDR,CEHPST_HSBC_KT_L_IDR_NO_2024_IF,276,23120143070,1.80385E+11,0
CEHPST_IDR,CEHPST_HSBC_KT_L_IDR_NO_2025_Q1,45,3834823760,36090640000,0
CEHT___IDR,CEHT___AZID_AG_L_IDR_NI_2014_IF,70,14717366,125300000,-44
CEME___IDR,CEME___AZID_AG_L_IDR_PI_2014_IF,1020,3797737279,24159618118,1253022043
CEME___IDR,CEME___AZID_AG_L_IDR_PI_2015_IF,23,117149155,914500000,28770041
CEME___IDR,CEME___AZID_AG_L_IDR_PI_2016_IF,27,1210821312,2649643161,16933286
CEME___USD,CEME___AZID_AG_L_USD_PI_2014_IF,9,94664.05,93500,8408.12
CEME___IDR,CEME___EAGLE_AG_L_IDR_PI_2016_IF,1,6246600,60000000,0
CEME___IDR,CEME___SPRING_AG_L_IDR_PI_2014_IF,7,22414620,195855599,10562100
CEME___IDR,CEME___SPRING_AG_L_IDR_PI_2016_IF,4,42000000,388044008,0
CEME___USD,CEME___SPRING_AG_L_USD_PI_2014_IF,1,1541.98,11000,0
CEMF50_IDR,CEMF50_AZID_AG_L_IDR_PI_2014_IF,187,1327405494,9972100000,473354441
CEMF50_IDR,CEMF50_AZID_AG_L_IDR_PI_2015_IF,3,13223000,200000000,55855005
CEMF50_USD,CEMF50_AZID_AG_L_USD_PI_2014_IF,5,52112.75,145000,0
CEMF50_IDR,CEMF50_SPRING_AG_L_IDR_PI_2016_IF,2,62964000,250000000,0
CEMF55_IDR,CEMF55_AZID_AG_L_IDR_PI_2014_IF,177,1201531707,7020599051,426546243
CEMF55_IDR,CEMF55_AZID_AG_L_IDR_PI_2016_IF,1,6712500,75000000,0
CEMF55_USD,CEMF55_AZID_AG_L_USD_PI_2014_IF,2,3097.3,10000,0
CEMF55_IDR,CEMF55_SPRING_AG_L_IDR_PI_2014_IF,2,44687000,155000000,0
CEMF60_IDR,CEMF60_AZID_AG_L_IDR_PI_2014_IF,36,239277223,1190212855,47995088
CEMF60_USD,CEMF60_AZID_AG_L_USD_PI_2014_IF,1,1356.35,5000,0
CEMFP1_IDR,CEMFP1_PERMATA_NK_L_IDR_PI_2014_IF,8,686335930,1882000000,0
CEMFP2_IDR,CEMFP2_PERMATA_NK_L_IDR_PI_2014_IF,21,540568650,1701000000,124654686
CEMFP3_IDR,CEMFP3_PERMATA_NK_L_IDR_PI_2014_IF,9,53647250,250000000,0
CEMPST_IDR,CEMPST_MAYBANK_NK_L_IDR_NO_2020_IF,22,225684600,4746000000,0
CEMPST_IDR,CEMPST_MAYBANK_NK_L_IDR_NO_2021_IF,64,1121168430,19907000000,0
CEMPST_IDR,CEMPST_MAYBANK_NK_L_IDR_NO_2022_IF,62,1758892780,21605000000,0
CEMPST_IDR,CEMPST_MAYBANK_NK_L_IDR_NO_2023_IF,142,4508836308,46145955321,0
CEMPST_IDR,CEMPST_MAYBANK_NK_L_IDR_NO_2024_IF,68,3423552942,39277928366,0
CEMPST_IDR,CEMPST_MAYBANK_NK_L_IDR_NO_2025_Q1,14,590411720,4290000000,0
CEPL___IDR,CEPL___AZID_AG_L_IDR_NI_2014_IF,2522,473749855,5338900000,2828339
CEPL___USD,CEPL___AZID_AG_L_USD_NI_2014_IF,31,49441.2,134670,596.03
CEPLA__IDR,CEPLA__AZID_AG_L_IDR_NI_2014_IF,171,57802068,919500000,11
CEPNTR_IDR,CEPNTR_BCI_NK_L_IDR_NI_2023_IF,4,1300000000,1872000000,0
CEPNTR_IDR,CEPNTR_BCI_NK_L_IDR_NI_2024_IF,2,880000000,1328800000,0
CEPNTR_IDR,CEPNTR_BCI_NK_L_IDR_NI_2025_Q1,2,350000000,556500000,0
CEPNTR_USD,CEPNTR_BCI_NK_L_USD_NI_2023_IF,5,365000,498850,0
CEPNTR_USD,CEPNTR_BCI_NK_L_USD_NI_2024_IF,2,20000,26200,0
CEPNTR_IDR,CEPNTR_BJB_NK_L_IDR_NI_2024_IF,1,100000000,151000000,0
CEPNTR_USD,CEPNTR_BJB_NK_L_USD_NI_2024_IF,1,10000,13100,0
CEPNTR_IDR,CEPNTR_BTPN_NK_L_IDR_NI_2023_IF,89,17180000000,24739200000,0
CEPNTR_IDR,CEPNTR_BTPN_NK_L_IDR_NI_2024_IF,188,38410000000,57837900000,0
CEPNTR_IDR,CEPNTR_BTPN_NK_L_IDR_NI_2025_Q1,54,9130000000,14287100000,0
CEPNTR_USD,CEPNTR_BTPN_NK_L_USD_NI_2023_IF,19,525500,695665,0
CEPNTR_USD,CEPNTR_BTPN_NK_L_USD_NI_2024_IF,31,689000,900840,0
CEPNTR_USD,CEPNTR_BTPN_NK_L_USD_NI_2025_Q1,16,186000,243660,0
CEPNTR_IDR,CEPNTR_HANA_NK_L_IDR_NI_2025_Q1,1,150000000,238500000,0
CEPNTR_IDR,CEPNTR_HSBC_KT_L_IDR_NI_2023_IF,63,20480000000,29491200000,0
CEPNTR_IDR,CEPNTR_HSBC_KT_L_IDR_NI_2024_IF,52,12360000000,18211000000,0
CEPNTR_IDR,CEPNTR_HSBC_KT_L_IDR_NI_2025_Q1,5,1730000000,2750700000,0
CEPNTR_USD,CEPNTR_HSBC_KT_L_USD_NI_2023_IF,90,1993950,2669627,0
CEPNTR_USD,CEPNTR_HSBC_KT_L_USD_NI_2024_IF,63,1424000,1862850,0
CEPNTR_USD,CEPNTR_HSBC_KT_L_USD_NI_2025_Q1,2,30000,39300,0
CEPNTR_IDR,CEPNTR_MAYBANK_NK_L_IDR_NI_2024_IF,229,62550000000,95584100000,0
CEPNTR_IDR,CEPNTR_MAYBANK_NK_L_IDR_NI_2025_Q1,154,31150000000,48622900000,0
CEPNTR_USD,CEPNTR_MAYBANK_NK_L_USD_NI_2023_IF,227,4495717,5959505,0
CEPNTR_USD,CEPNTR_MAYBANK_NK_L_USD_NI_2024_IF,143,2628000,3442680,0
CEPNTR_USD,CEPNTR_MAYBANK_NK_L_USD_NI_2025_Q1,40,616000,806960,0
CEPNTR_IDR,CEPNTR_QNB_NK_L_IDR_NI_2024_IF,4,1200000000,1908000000,0
CEPNTR_IDR,CEPNTR_QNB_NK_L_IDR_NI_2025_Q1,16,6770000000,10520300000,0
CEPNTR_USD,CEPNTR_QNB_NK_L_USD_NI_2024_IF,1,60000,78600,0
CEPNTR_USD,CEPNTR_QNB_NK_L_USD_NI_2025_Q1,8,261000,341910,0
CEPNTR_IDR,CEPNTR_VICTORIA_NK_L_IDR_NI_2023_IF,2,250000000,360000000,0
CEPNTR_IDR,CEPNTR_VICTORIA_NK_L_IDR_NI_2024_IF,9,1100000000,1661000000,0
CEPNTR_IDR,CEPNTR_VICTORIA_NK_L_IDR_NI_2025_Q1,3,300000000,477000000,0
CEPNTR_USD,CEPNTR_VICTORIA_NK_L_USD_NI_2024_IF,2,30000,39300,0
CEPNTR_USD,CEPNTR_VICTORIA_NK_L_USD_NI_2025_Q1,1,10000,13100,0
CESC___IDR,CESC___AZID_AG_L_IDR_PI_2014_IF,83,287121200,1702000000,35185
CESC___USD,CESC___AZID_AG_L_USD_PI_2014_IF,3,3000,15500,0
CESCP__IDR,CESCP__AZID_AG_L_IDR_PI_2014_IF,31,57426480,456000000,4123
CESD___IDR,CESD___AZID_AG_L_IDR_PI_2014_IF,1,505750,25000000,5281261
CESD___USD,CESD___AZID_AG_L_USD_PI_2014_IF,1,4938,120000,0
CESE___IDR,CESE___AZID_AG_L_IDR_PI_2014_IF,377,900416040,8135500000,39600177
CESE___USD,CESE___AZID_AG_L_USD_PI_2014_IF,3,2795.5,20000,0
CESEP__IDR,CESEP__AZID_AG_L_IDR_PI_2014_IF,27,42134380,382000000,-10
CESF___IDR,CESF___AZID_AG_L_IDR_PI_2014_IF,425,1697797769,12574700000,184616
CESF___USD,CESF___AZID_AG_L_USD_PI_2014_IF,10,26048.75,124600,0.01
CESFP__IDR,CESFP__AZID_AG_L_IDR_PI_2014_IF,54,95096264,663000000,-8
CESFP__USD,CESFP__AZID_AG_L_USD_PI_2014_IF,4,16534.44,118000,0
CESS___IDR,CESS___AZID_AG_L_IDR_PI_2014_IF,553,964336373,7283100000,2495648
CESS___USD,CESS___AZID_AG_L_USD_PI_2014_IF,5,13389.08,63500,0
CESSP__IDR,CESSP__AZID_AG_L_IDR_PI_2014_IF,268,453617054,3226000000,-20849
CESSP__USD,CESSP__AZID_AG_L_USD_PI_2014_IF,2,3677.16,23000,0.02
CESU___IDR,CESU___AZID_AG_L_IDR_PI_2014_IF,198,800711566,4108700000,661869
CESU___USD,CESU___AZID_AG_L_USD_PI_2014_IF,6,14295.99,46500,0
CESUP__IDR,CESUP__AZID_AG_L_IDR_PI_2014_IF,49,95573888,625000000,-12
CESUP__USD,CESUP__AZID_AG_L_USD_PI_2014_IF,1,1560,10000,-0.03
CEZPST_IDR,CEZPST_ASN3_AG_L_IDR_NO_2024_IF,4,22526592,849240000,0
CEZPST_IDR,CEZPST_AZID_AG_L_IDR_NO_2020_IF,31,1062130200,13685000000,0
CEZPST_IDR,CEZPST_AZID_AG_L_IDR_NO_2021_IF,28,511409339,8300000000,5542408
CEZPST_IDR,CEZPST_AZID_AG_L_IDR_NO_2022_IF,104,2990561890,49842000000,3411853
CEZPST_IDR,CEZPST_AZID_AG_L_IDR_NO_2023_IF,142,4016608914,54569500000,16261807
CEZPST_IDR,CEZPST_AZID_AG_L_IDR_NO_2024_IF,146,3456645068,45331950000,0
CEZPST_IDR,CEZPST_AZID_AG_L_IDR_NO_2025_Q1,25,531703920,9355000000,0
CEZPST_IDR,CEZPST_EAGLE_AG_L_IDR_NO_2020_IF,115,2623751360,47495168000,23943085
CEZPST_IDR,CEZPST_EAGLE_AG_L_IDR_NO_2021_IF,157,3819239744,68670300000,11614000
CEZPST_IDR,CEZPST_EAGLE_AG_L_IDR_NO_2022_IF,169,4822416440,81410900000,3579636
CEZPST_IDR,CEZPST_EAGLE_AG_L_IDR_NO_2023_IF,180,5275452164,95731999999,8508609
CEZPST_IDR,CEZPST_EAGLE_AG_L_IDR_NO_2024_IF,169,3588000925,59465788300,0
CEZPST_IDR,CEZPST_EAGLE_AG_L_IDR_NO_2025_Q1,33,834668360,14853500000,0
CEZPST_IDR,CEZPST_SPRING_AG_L_IDR_NO_2020_IF,191,4527673540,79688000000,26024071
CEZPST_IDR,CEZPST_SPRING_AG_L_IDR_NO_2021_IF,156,4074346916,74234100000,5448942
CEZPST_IDR,CEZPST_SPRING_AG_L_IDR_NO_2022_IF,317,10624877605,1.73583E+11,0
CEZPST_IDR,CEZPST_SPRING_AG_L_IDR_NO_2023_IF,454,13767824384,2.29404E+11,17244690
CEZPST_IDR,CEZPST_SPRING_AG_L_IDR_NO_2024_IF,619,10400165446,2.12751E+11,0
CEZPST_IDR,CEZPST_SPRING_AG_L_IDR_NO_2025_Q1,141,3185996359,56434028915,0
CHCPT__IDR,CHCPT__TELEMAYBANK_NK_L_IDR_NO_2023_IF,2,9192000,600000,0
CHCPT__IDR,CHCPT__TELEMAYBANK_NK_L_IDR_NO_2024_IF,1,7164000,1000000,0
CJLIFE_IDR,CJLIFE_HSBC_KT_L_IDR_NO_2019_IF,1,6000000,587500000,0
CJLIFE_IDR,CJLIFE_HSBC_KT_L_IDR_NO_2020_IF,2,12000000,845500000,0
CJLIFE_IDR,CJLIFE_HSBC_KT_L_IDR_NO_2022_IF,1,12000000,635000000,0
CSAMAN_IDR,CSAMAN_AZID_AG_L_IDR_SN_2023_IF,101,2231782260,33307000000,0
CSAMAN_IDR,CSAMAN_AZID_AG_L_IDR_SN_2024_IF,103,2585062385,31257500000,0
CSAMAN_IDR,CSAMAN_AZID_AG_L_IDR_SN_2025_Q1,18,650038112,7533000000,0
CSAMAN_IDR,CSAMAN_EAGLE_AG_L_IDR_SN_2023_IF,98,2936525770,38879800000,0
CSAMAN_IDR,CSAMAN_EAGLE_AG_L_IDR_SN_2024_IF,149,3290453932,41579348300,0
CSAMAN_IDR,CSAMAN_EAGLE_AG_L_IDR_SN_2025_Q1,40,963090980,13900682667,0
CSAMAN_IDR,CSAMAN_MAYBANK_NK_L_IDR_SN_2024_IF,69,2806082530,23127442193,0
CSAMAN_IDR,CSAMAN_MAYBANK_NK_L_IDR_SN_2025_Q1,25,828047921,6033950000,0
CSAMAN_IDR,CSAMAN_SPRING_AG_L_IDR_SN_2023_IF,186,5108120520,71528510000,0
CSAMAN_IDR,CSAMAN_SPRING_AG_L_IDR_SN_2024_IF,152,2681661880,46313967200,0
CSAMAN_IDR,CSAMAN_SPRING_AG_L_IDR_SN_2025_Q1,52,950213400,17984677250,0
CSCI49_IDR,CSCI49_ASN3_AG_L_IDR_SN_2024_IF,1,8820000,400000000,0
CSCI49_IDR,CSCI49_AZID_AG_L_IDR_SN_2023_IF,135,407372601,61248124297,0
CSCI49_IDR,CSCI49_AZID_AG_L_IDR_SN_2024_IF,38,96865860,11238297500,0
CSCI49_IDR,CSCI49_EAGLE_AG_L_IDR_SN_2023_IF,874,2272561933,4.26738E+11,0
CSCI49_IDR,CSCI49_EAGLE_AG_L_IDR_SN_2024_IF,9,27062472,4538600000,0
CSCI49_IDR,CSCI49_SPRING_AG_L_IDR_SN_2023_IF,1304,3762431622,6.42611E+11,0
CSCI49_IDR,CSCI49_SPRING_AG_L_IDR_SN_2024_IF,85,272222676,33331551508,0
CSGREN_IDR,CSGREN_BTPN_NK_L_IDR_SI_2024_IF,111,5185508607,49726830000,0
CSGREN_IDR,CSGREN_BTPN_NK_L_IDR_SI_2025_Q1,52,2230686882,21319670000,0
CSHNDL_IDR,CSHNDL_ASN3_AG_L_IDR_SN_2024_IF,1,13871196,400000000,0
CSHNDL_IDR,CSHNDL_AZID_AG_L_IDR_SN_2023_IF,135,650970164,61248124297,0
CSHNDL_IDR,CSHNDL_AZID_AG_L_IDR_SN_2024_IF,38,145402876,11238297500,0
CSHNDL_IDR,CSHNDL_EAGLE_AG_L_IDR_SN_2023_IF,875,3821238653,4.27515E+11,0
CSHNDL_IDR,CSHNDL_EAGLE_AG_L_IDR_SN_2024_IF,9,46786908,4538600000,0
CSHNDL_IDR,CSHNDL_SPRING_AG_L_IDR_SN_2023_IF,1307,6118661614,6.4509E+11,0
CSHNDL_IDR,CSHNDL_SPRING_AG_L_IDR_SN_2024_IF,85,395029868,33331551508,0
CSLGM__IDR,CSLGM__AZID_AG_L_IDR_SN_2024_IF,133,6662858829,1.60753E+11,0
CSLGM__IDR,CSLGM__AZID_AG_L_IDR_SN_2025_Q1,60,1385589000,45272000002,0
CSLGM__IDR,CSLGM__EAGLE_AG_L_IDR_SN_2024_IF,1758,78150931921,3.04811E+12,0
CSLGM__IDR,CSLGM__EAGLE_AG_L_IDR_SN_2025_Q1,485,14452877228.911125,5.53586E+11,0
CSLGM__IDR,CSLGM__SPRING_AG_L_IDR_SN_2024_IF,323,19762483167,6.84605E+11,0
CSLGM__IDR,CSLGM__SPRING_AG_L_IDR_SN_2025_Q1,113,3571126900,1.3604E+11,0
CSREN__IDR,CSREN__MAYBANK_NK_L_IDR_SI_2024_IF,1800,69031102710,6.5567E+11,0
CSREN__IDR,CSREN__MAYBANK_NK_L_IDR_SI_2025_Q1,446,16449868745,1.58121E+11,0
CTCICP_IDR,CTCICP_HSBC_KT_H_IDR_NO_2021_IF,60,111828000,7400000000,0
CTCICP_IDR,CTCICP_HSBC_KT_H_IDR_NO_2022_IF,26,67452000,3800000000,0
CTEZPL_IDR,CTEZPL_NISP_NK_L_IDR_NO_2024_IF,26,62100000,2317500000,0
CTEZPL_IDR,CTEZPL_NISP_NK_L_IDR_NO_2025_Q1,5,31100000,1170000000,0
CTEZPL_IDR,CTEZPL_TELEMAYBANK_NK_L_IDR_NO_2023_IF,141,265200000,8572500000,0
CTEZPL_IDR,CTEZPL_TELEMAYBANK_NK_L_IDR_NO_2024_IF,1383,2317800000,77242500000,0
CTEZPL_IDR,CTEZPL_TELEMAYBANK_NK_L_IDR_NO_2025_Q1,1081,2054400000,72900000000,0
CTEZPL_IDR,CTEZPL_TELEWOORI_NK_L_IDR_NO_2023_IF,118,154200000,4173750000,0
CTEZPL_IDR,CTEZPL_TELEWOORI_NK_L_IDR_NO_2024_IF,277,461400000,13286250000,0
CTEZPL_IDR,CTEZPL_TELEWOORI_NK_L_IDR_NO_2025_Q1,169,315600000,9180000000,0
CTMPJG_IDR,CTMPJG_MAYBANK_NK_L_IDR_NO_2018_IF,158,318600000,13275000000,0
CTMPJG_IDR,CTMPJG_MAYBANK_NK_L_IDR_NO_2019_IF,134,265800000,11075000000,0
CTMPJG_IDR,CTMPJG_MAYBANK_NK_L_IDR_NO_2020_IF,2268,3843000000,1.60125E+11,0
CTMPJG_IDR,CTMPJG_MAYBANK_NK_L_IDR_NO_2021_IF,3831,6619200000,2.758E+11,0
CTMPJG_IDR,CTMPJG_MAYBANK_NK_L_IDR_NO_2022_IF,2562,6476400000,2.6985E+11,0
CTMPJG_IDR,CTMPJG_MAYBANK_NK_L_IDR_NO_2023_IF,1230,4144200000,1.72675E+11,0
CTMPJG_IDR,CTMPJG_MAYBANK_NK_L_IDR_NO_2024_IF,1495,6564600000,2.73525E+11,0
CTMPJG_IDR,CTMPJG_MAYBANK_NK_L_IDR_NO_2025_Q1,951,3938400000,1.641E+11,0
CTMPJG_IDR,CTMPJG_TELEMAYBANK_NK_L_IDR_NO_2020_IF,818,2493000000,1.03875E+11,0
CTMPJG_IDR,CTMPJG_TELEMAYBANK_NK_L_IDR_NO_2021_IF,97,230400000,9600000000,0
CTMPJG_IDR,CTMPJG_TELEMAYBANK_NK_L_IDR_NO_2023_IF,29,37200000,1550000000,0
CTMPJS_IDR,CTMPJS_MAYBANK_NK_L_IDR_NO_2018_IF,6,7200000,600000000,0
CTMPJS_IDR,CTMPJS_MAYBANK_NK_L_IDR_NO_2019_IF,4,6600000,550000000,0
CTMPJS_IDR,CTMPJS_MAYBANK_NK_L_IDR_NO_2020_IF,1,2400000,200000000,0
CTMPSL_IDR,CTMPSL_TELEMAYBANK_NK_L_IDR_NO_2021_IF,1217,2595600000,88492500000,0
CTMPSL_IDR,CTMPSL_TELEMAYBANK_NK_L_IDR_NO_2022_IF,1537,4078800000,1.29983E+11,0
CTMPSL_IDR,CTMPSL_TELEMAYBANK_NK_L_IDR_NO_2023_IF,3172,11450400000,3.63555E+11,0
CTMPSL_IDR,CTMPSL_TELEMAYBANK_NK_L_IDR_NO_2024_IF,3333,16273200000,5.28953E+11,0
CTMPSL_IDR,CTMPSL_TELEMAYBANK_NK_L_IDR_NO_2025_Q1,1513,6699600000,2.24888E+11,0
CTPLA__IDR,CTPLA__HSBC_KT_L_IDR_NO_2023_IF,6,231480000,41000000000,0
CTPLA__IDR,CTPLA__HSBC_KT_L_IDR_NO_2024_IF,3,47450000,15000000000,0
CTSL___IDR,CTSL___AZID_AG_L_IDR_NO_2014_IF,2,10570000,1000000000,0
CTSL___IDR,CTSL___AZID_AG_L_IDR_NO_2016_IF,2,3535000,362107623,0
CTSL___IDR,CTSL___AZID_AG_L_IDR_NO_2017_IF,2,7288800,1026500000,0
CTSL___IDR,CTSL___AZID_AG_L_IDR_NO_2018_IF,6,6731480,869295549,0
CTSL___IDR,CTSL___AZID_AG_L_IDR_NO_2019_IF,6,11190000,871541119,0
CTSL___IDR,CTSL___AZID_AG_L_IDR_NO_2020_IF,1,504570,16500000,0
CTSL___IDR,CTSL___EAGLE_AG_L_IDR_NO_2017_IF,2,5335500,450586224,0
CTSL___IDR,CTSL___SPRING_AG_L_IDR_NO_2014_IF,1,1420000,200000000,0
CTSL___IDR,CTSL___SPRING_AG_L_IDR_NO_2018_IF,2,1000000,59612948,0
CTSL__A_IDR,CTSL__A_AZID_AG_L_IDR_NO_2020_IF,3,3062160,590678899,0
CTSL__A_IDR,CTSL__A_AZID_AG_L_IDR_NO_2021_IF,5,2512450,316027481,0
CTSL__A_IDR,CTSL__A_EAGLE_AG_L_IDR_NO_2020_IF,1,500000,52966102,0
CTSL__A_IDR,CTSL__A_SPRING_AG_L_IDR_NO_2020_IF,1,10650000,1500000000,0
CTSL__A_IDR,CTSL__A_SPRING_AG_L_IDR_NO_2021_IF,1,2000000,266311585,0
CTTP___IDR,CTTP___AZID_AG_L_IDR_NO_2014_IF,17,33588000,2300000000,0
CTTP___IDR,CTTP___SPRING_AG_L_IDR_NO_2014_IF,108,169238400,13600000000,0
CWEWP__IDR,CWEWP__AZID_AG_L_IDR_PI_2014_IF,272,676596489,23574000000,149515517
CWEWP__USD,CWEWP__AZID_AG_L_USD_PI_2014_IF,1,546,15000,0
CWEXP__IDR,CWEXP__AZID_AG_L_IDR_PI_2014_IF,2408,5885537599,3.30554E+11,4577336017
CWEXP__USD,CWEXP__AZID_AG_L_USD_PI_2014_IF,151,208360.24,4519400,166231.24
CWFUTR_IDR,CWFUTR_MAYBANK_NK_L_IDR_NO_2025_Q1,36,12413472950,1.4776E+11,0
CWGLGC_IDR,CWGLGC_BTPN_NK_L_IDR_NO_2023_IF,412,19749635749,8.25311E+11,0
CWGLGC_IDR,CWGLGC_BTPN_NK_L_IDR_NO_2024_IF,496,21190728418,8.96335E+11,0
CWGLGC_IDR,CWGLGC_BTPN_NK_L_IDR_NO_2025_Q1,63,2477114815.517647663247,1.06938E+11,0
CWGLGC_USD,CWGLGC_BTPN_NK_L_USD_NO_2023_IF,5,20369,1075000,0
CWGLGC_USD,CWGLGC_BTPN_NK_L_USD_NO_2024_IF,18,110393,2633183,0
CWGLGC_USD,CWGLGC_BTPN_NK_L_USD_NO_2025_Q1,2,13909,320740,0
CWHIPP_IDR,CWHIPP_HSBC_KT_L_IDR_NI_2024_IF,648,77495000000,77495000000,0
CWHIPP_IDR,CWHIPP_HSBC_KT_L_IDR_NI_2025_Q1,340,44692000000,44692000000,0
CWLGC__IDR,CWLGC__AZID_AG_L_IDR_NO_2023_IF,467,19466089020.728779371953,8.97026E+11,0
CWLGC__IDR,CWLGC__AZID_AG_L_IDR_NO_2024_IF,450,16878537288.311802015209,6.67863E+11,0
CWLGC__IDR,CWLGC__AZID_AG_L_IDR_NO_2025_Q1,76,2285064596,89993888999,0
CWLGC__USD,CWLGC__AZID_AG_L_USD_NO_2023_IF,6,48645,1395400,0
CWLGC__USD,CWLGC__AZID_AG_L_USD_NO_2024_IF,9,260859,10832750,0
CWLGC__IDR,CWLGC__AZLI_STAFF_AG_L_IDR_NO_2023_IF,36,951656900,51010000000,0
CWLGC__IDR,CWLGC__AZLI_STAFF_AG_L_IDR_NO_2024_IF,10,197068800,15350000000,0
CWLGC__IDR,CWLGC__AZLI_STAFF_AG_L_IDR_NO_2025_Q1,2,50830000,2600000000,0
CWLGC__IDR,CWLGC__EAGLE_AG_L_IDR_NO_2023_IF,7999,405516175463.43435594258877991,2.00764E+13,0
CWLGC__IDR,CWLGC__EAGLE_AG_L_IDR_NO_2024_IF,7088,280019056621.88514845548532823,1.29421E+13,0
CWLGC__IDR,CWLGC__EAGLE_AG_L_IDR_NO_2025_Q1,1650,57302146336.913553530694186609,2.56679E+12,0
CWLGC__USD,CWLGC__EAGLE_AG_L_USD_NO_2023_IF,110,1326587.9,41965198.9,0
CWLGC__USD,CWLGC__EAGLE_AG_L_USD_NO_2024_IF,93,1277994.08,32236081,0
CWLGC__USD,CWLGC__EAGLE_AG_L_USD_NO_2025_Q1,27,275069,8271000,0
CWLGC__IDR,CWLGC__SPRING_AG_L_IDR_NO_2023_IF,1980,97454324163.36849864640061723,4.95876E+12,0
CWLGC__IDR,CWLGC__SPRING_AG_L_IDR_NO_2024_IF,1563,63518933736.455937617136746437,3.04933E+12,0
CWLGC__IDR,CWLGC__SPRING_AG_L_IDR_NO_2025_Q1,402,12787145926,6.04837E+11,0
CWLGC__USD,CWLGC__SPRING_AG_L_USD_NO_2023_IF,23,214112.99,5911200,0
CWLGC__USD,CWLGC__SPRING_AG_L_USD_NO_2024_IF,16,132178,5149000,0
CWLGC__USD,CWLGC__SPRING_AG_L_USD_NO_2025_Q1,4,35392,1860000,0
CWLGCP_IDR,CWLGCP_BCI_NK_L_IDR_NO_2023_IF,4,192207000,9000000000,0
CWLGCP_IDR,CWLGCP_BCI_NK_L_IDR_NO_2024_IF,26,1823255910,52956000001,0
CWLGCP_IDR,CWLGCP_BCI_NK_L_IDR_NO_2025_Q1,3,50019400,3706000000,0
CWLGCP_USD,CWLGCP_BCI_NK_L_USD_NO_2024_IF,1,3001,75300,0
CWLGCP_IDR,CWLGCP_HANA_NK_L_IDR_NO_2024_IF,8,690699000,19420000000,0
CWLGCP_IDR,CWLGCP_HANA_NK_L_IDR_NO_2025_Q1,21,1384955500,58160000000,0
CWLGCP_USD,CWLGCP_HANA_NK_L_USD_NO_2024_IF,2,27226,385000,0
CWLGCP_USD,CWLGCP_HANA_NK_L_USD_NO_2025_Q1,1,10066,132000,0
CWLGCP_IDR,CWLGCP_NISP_NK_L_IDR_NO_2024_IF,422,19931569434.455117487812,9.34415E+11,0
CWLGCP_IDR,CWLGCP_NISP_NK_L_IDR_NO_2025_Q1,40,1941165300,73051500000,0
CWLGCP_USD,CWLGCP_NISP_NK_L_USD_NO_2024_IF,65,523240.96,15038320,0
CWLGCP_USD,CWLGCP_NISP_NK_L_USD_NO_2025_Q1,4,60614,1515000,0
CWLGCP_IDR,CWLGCP_QNB_NK_L_IDR_NO_2025_Q1,1,18941000,1300000000,0
CWLGCP_IDR,CWLGCP_VICTORIA_NK_L_IDR_NO_2023_IF,11,712507200,28580000000,0
CWLGCP_IDR,CWLGCP_VICTORIA_NK_L_IDR_NO_2024_IF,28,1524822650,55335000000,0
CWLGCP_IDR,CWLGCP_VICTORIA_NK_L_IDR_NO_2025_Q1,4,294322500,13450000000,0
CWMLGC_IDR,CWMLGC_MAYBANK_NK_L_IDR_NO_2023_IF,1016,48103679557,2.21411E+12,0
CWMLGC_IDR,CWMLGC_MAYBANK_NK_L_IDR_NO_2024_IF,1469,63577264969.864635867787,2.62734E+12,0
CWMLGC_IDR,CWMLGC_MAYBANK_NK_L_IDR_NO_2025_Q1,342,14563561873.394365387464,5.91997E+11,0
CWMLGC_USD,CWMLGC_MAYBANK_NK_L_USD_NO_2023_IF,41,394237.57,9387765,0
CWMLGC_USD,CWMLGC_MAYBANK_NK_L_USD_NO_2024_IF,66,725618.9,17063210,0
CWMLGC_USD,CWMLGC_MAYBANK_NK_L_USD_NO_2025_Q1,25,245399.76,4671945,0
CWMP___IDR,CWMP___AZID_AG_L_IDR_PI_2014_IF,1119,2753673376,91474701629,980100682.6
CWMP___IDR,CWMP___AZID_AG_L_IDR_PI_2015_IF,23,47425900,1852611591,13943220
CWMP___IDR,CWMP___AZID_AG_L_IDR_PI_2016_IF,20,37271016,1329205610,10739821
CWMP___USD,CWMP___AZID_AG_L_USD_PI_2014_IF,17,31808.2,587000,15650.57
CWMP___IDR,CWMP___SPRING_AG_L_IDR_PI_2014_IF,17,450357645,6952500000,-1
CWMP___IDR,CWMP___SPRING_AG_L_IDR_PI_2015_IF,5,4614600,386188863,1614708
CWMP___IDR,CWMP___SPRING_AG_L_IDR_PI_2016_IF,12,449315800,3507864180,0
CWMP___USD,CWMP___SPRING_AG_L_USD_PI_2014_IF,1,4336,100000,0
CWMP___USD,CWMP___SPRING_AG_L_USD_PI_2016_IF,1,10527.6,30000,0
CWMWKU_IDR,CWMWKU_DANAMON_NK_L_IDR_PI_2014_IF,24,989405200,6657880815,232235533
CWPRLA_IDR,CWPRLA_HSBC_KT_L_IDR_NO_2024_IF,519,2.01446E+11,2.27282E+12,0
CWPRLA_IDR,CWPRLA_HSBC_KT_L_IDR_NO_2025_Q1,92,31680134100,3.58632E+11,0
CWSX___IDR,CWSX___AZID_AG_L_IDR_PI_2014_IF,1390,3772343654,1.58857E+11,1179241531
CWSX___USD,CWSX___AZID_AG_L_USD_PI_2014_IF,53,102566.26,1559500,9640.44
CWSXP__IDR,CWSXP__AZID_AG_L_IDR_PI_2014_IF,46,100883624,4299000000,11227631
WPCI77_IDR,WPCI77_ASN3_AG_L_IDR_NO_2024_IF,2,347512,6491700,0
WPCI77_IDR,WPCI77_AZID_AG_L_IDR_NO_2021_IF,4,8678697,14525500,0
WPCI77_IDR,WPCI77_AZID_AG_L_IDR_NO_2022_IF,64,73366981.6,934567655,0
WPCI77_IDR,WPCI77_AZID_AG_L_IDR_NO_2023_IF,94,98858516.56,1363170287,0
WPCI77_IDR,WPCI77_AZID_AG_L_IDR_NO_2024_IF,114,115749951,1310769661,0
WPCI77_IDR,WPCI77_AZID_AG_L_IDR_NO_2025_Q1,11,19193163,149535910,0
WPCI77_IDR,WPCI77_EAGLE_AG_L_IDR_NO_2020_IF,1,691524,3331050,0
WPCI77_IDR,WPCI77_EAGLE_AG_L_IDR_NO_2021_IF,16,16582078,399785800,0
WPCI77_IDR,WPCI77_EAGLE_AG_L_IDR_NO_2022_IF,98,127002488,2998264040,0
WPCI77_IDR,WPCI77_EAGLE_AG_L_IDR_NO_2023_IF,108,106992946,2406107392,0
WPCI77_IDR,WPCI77_EAGLE_AG_L_IDR_NO_2024_IF,81,52978644,868832267,0
WPCI77_IDR,WPCI77_EAGLE_AG_L_IDR_NO_2025_Q1,15,10888911,326346080,0
WPCI77_IDR,WPCI77_SPRING_AG_L_IDR_NO_2020_IF,8,6995319,273310000,0
WPCI77_IDR,WPCI77_SPRING_AG_L_IDR_NO_2021_IF,35,40014788.88,811501865,0
WPCI77_IDR,WPCI77_SPRING_AG_L_IDR_NO_2022_IF,232,278932186,5495377115,0
WPCI77_IDR,WPCI77_SPRING_AG_L_IDR_NO_2023_IF,357,512319453,8203038213,0
WPCI77_IDR,WPCI77_SPRING_AG_L_IDR_NO_2024_IF,457,328961422,5318965592,0
WPCI77_IDR,WPCI77_SPRING_AG_L_IDR_NO_2025_Q1,107,94361849,1743527497,0
CCBKP__IDR,CCBKP__BUKOPIN_NK_L_IDR_NO_2022_IF,34,829580564,5353554669,0
CCWSR__IDR,CCWSR__WOORI_NK_L_IDR_NO_2022_IF,934,7303685549,54798572000,0
CCBKR__IDR,CCBKR__BUKOPIN_NK_L_IDR_NO_2022_IF,7,141125601,902726656,0
CCWSA__IDR,CCWSA__WOORI_NK_L_IDR_NO_2022_IF,695,3349855620,1.1552E+11,0
CCBPCN_IDR,CCBPCN_BTPN_NK_L_IDR_NO_2022_IF,90,385826916,3197758000,0
CCPBMT_IDR,CCPBMT_MANTAP_NK_L_IDR_NO_2022_IF,3,7035000,125000000,0
CCBPCN_IDR,CCBPCN_BTPN_NK_L_IDR_NO_2023_IF,38453,446644016382.07792,2.76574E+12,0
CCBPCN_IDR,CCBPCN_BTPN_NK_L_IDR_NO_2024_IF,79250,811731037315.21955,4.79827E+12,0
CCPBMT_IDR,CCPBMT_MANTAP_NK_L_IDR_NO_2023_IF,11060,59082940197,7.73386E+11,0
CCWSR__IDR,CCWSR__WOORI_NK_L_IDR_NO_2023_IF,1379,9988682955,74851067000,0
CCWSA__IDR,CCWSA__WOORI_NK_L_IDR_NO_2023_IF,3834,23402325755.904401,8.99572E+11,0
CCBKR__IDR,CCBKR__BUKOPIN_NK_L_IDR_NO_2023_IF,89,1890463400,8934600000,0
CCBKP__IDR,CCBKP__BUKOPIN_NK_L_IDR_NO_2023_IF,40,2113041266,11517038977,0
CCBKA__IDR,CCBKA__BUKOPIN_NK_L_IDR_NO_2023_IF,21,32252700,3188000000,0
CCPBMT_IDR,CCPBMT_MANTAP_NK_L_IDR_NO_2024_IF,17402,1.07203E+11,1.21604E+12,0
CCWSA__IDR,CCWSA__WOORI_NK_L_IDR_NO_2024_IF,2194,8298047066,3.94349E+11,0
CCBKA__IDR,CCBKA__BUKOPIN_NK_L_IDR_NO_2024_IF,66,84725750,8478000000,0
CCBKP__IDR,CCBKP__BUKOPIN_NK_L_IDR_NO_2024_IF,4,165607034,916347500,0
CCBKR__IDR,CCBKR__BUKOPIN_NK_L_IDR_NO_2024_IF,29,612099410,2898300000,0
CCBPCN_IDR,CCBPCN___L_IDR_NO_2014_IF,1,123123123,0,0
CCMTPC_IDR,CCMTPC_MANTAP_NK_L_IDR_NO_2024_IF,4,35582080,358000000,0
CCMBSI_IDR,CCMBSI_BSI_NK_L_IDR_SN_2024_IF,10,20791740.04,1103000000,0
CCPBSI_IDR,CCPBSI_BSI_NK_L_IDR_SN_2024_IF,15,354525871.3,1598500000,0
CCWSA__IDR,CCWSA__WOORI_NK_L_IDR_NO_2025_Q1,341,350589030.7,20944754334,0
CCPBMT_IDR,CCPBMT_MANTAP_NK_L_IDR_NO_2025_Q1,15796,84449790050,4.87602E+11,0
CCBPCN_IDR,CCBPCN_BTPN_NK_L_IDR_NO_2025_Q1,8951,106865209397.45638,6.42483E+11,0
CCMTA__IDR,CCMTA__MANTAP_NK_L_IDR_NO_2024_IF,2,12870300,966000000,0
CCMTA__IDR,CCMTA__MANTAP_NK_L_IDR_NO_2025_Q1,6,15185700,1700000000,0
CCPBSI_IDR,CCPBSI_BSI_NK_L_IDR_SN_2025_Q1,172,3756634324.2285228131615338366,18787000000,0
CCBPC3_IDR,CCBPC3_BTPN_NK_L_IDR_NO_2014_IF,4240,0,4.10443E+11,0
CCBPC3_IDR,CCBPC3_BTPN_NK_L_IDR_NO_2015_IF,9785,0,1.08545E+12,0
CCBPC3_IDR,CCBPC3_BTPN_NK_L_IDR_NO_2016_IF,17415,0,2.10684E+12,0
CCBPC3_IDR,CCBPC3_BTPN_NK_L_IDR_NO_2017_IF,22970,0,2.95561E+12,0
CCBPC3_IDR,CCBPC3_BTPN_NK_L_IDR_NO_2018_IF,23974,0,3.04519E+12,0
CCBPC3_IDR,CCBPC3_BTPN_NK_L_IDR_NO_2019_IF,25835,0,1.59245E+12,0
CCBPC3_IDR,CCBPC3_BTPN_NK_L_IDR_NO_2020_IF,14916,0,1.00679E+12,0
CCBPC3_IDR,CCBPC3_BTPN_NK_L_IDR_NO_2021_IF,11738,0,8.01501E+11,0
CCBPC3_IDR,CCBPC3_BTPN_NK_L_IDR_NO_2022_IF,7476,0,5.2649E+11,0
CASFM__IDR,CASFM__EAGLE_AG_H_IDR_SN_2024_IF,873,10185152000,21825000000,0
CASFM__IDR,CASFM__SPRING_AG_H_IDR_SN_2024_IF,188,2139167000,4700000000,0
CASFM__IDR,CASFM__EAGLE_AG_H_IDR_SN_2025_Q1,805,8705971000,20125000000,0
CASFM__IDR,CASFM__AZID_AG_H_IDR_SN_2025_Q1,100,984599000,2500000000,0
CASFM__IDR,CASFM__SPRING_AG_H_IDR_SN_2025_Q1,162,1718834000,4050000000,0
CALFM__IDR,CALFM__EAGLE_AG_H_IDR_NO_2024_IF,4238,55278971000,1.0595E+11,0
CALFM__IDR,CALFM__AZID_AG_H_IDR_NO_2024_IF,269,3449332000,6725000000,0
CALFM__IDR,CALFM__SPRING_AG_H_IDR_NO_2024_IF,1545,18016820000,38625000000,0
CALFM__IDR,CALFM__EAGLE_AG_H_IDR_NO_2025_Q1,3569,41436629000,89225000000,0
CALFM__IDR,CALFM__SPRING_AG_H_IDR_NO_2025_Q1,1605,17717653000,40125000000,0
CALFM__IDR,CALFM__AZID_AG_H_IDR_NO_2025_Q1,331,3786976000,8275000000,0
CASFM__IDR,CASFM__AZID_AG_H_IDR_SN_2024_IF,84,874140000,2100000000,0
CSHCPP_IDR,CSHCPP_SPRING_AG_H_IDR_YR_2024_IF,2966,33605970000,0,0
CSHCPP_IDR,CSHCPP_AZID_AG_H_IDR_YR_2024_IF,1050,11777756100,0,0
CSHCPP_IDR,CSHCPP_EAGLE_AG_H_IDR_YR_2024_IF,2485,27598834600,0,0
CSHCPP_IDR,CSHCPP_AZID_AG_H_IDR_YR_2023_IF,32,332403600,0,0
CSHCPP_IDR,CSHCPP_SPRING_AG_H_IDR_YR_2025_Q1,659,7945401000,0,0
CSHCPP_IDR,CSHCPP_EAGLE_AG_H_IDR_YR_2025_Q1,407,5017923800,0,0
CSHCPP_IDR,CSHCPP_AZID_AG_H_IDR_YR_2025_Q1,199,1967872050,0,0
CSHCPP_IDR,CSHCPP_EAGLE_AG_H_IDR_YR_2023_IF,109,1211578200,0,0
CSHCPP_IDR,CSHCPP_SPRING_AG_H_IDR_YR_2023_IF,95,1045286100,0,0
CSHCPP_IDR,CSHCPP_AZID_AG_H_IDR_YR_2022_IF,14,157421400,0,0
CSHCPP_IDR,CSHCPP_EAGLE_AG_H_IDR_YR_2022_IF,40,552185500,0,0
CSHCPP_IDR,CSHCPP_SPRING_AG_H_IDR_YR_2022_IF,53,585814200,0,0
CSHCPP_IDR,CSHCPP_SPRING_AG_H_IDR_YR_2021_IF,12,142737000,0,0
CSHCPP_IDR,CSHCPP_EAGLE_AG_H_IDR_YR_2021_IF,11,133568400,0,0
CSHCPP_IDR,CSHCPP_AZID_AG_H_IDR_YR_2021_IF,2,10812000,0,0
CHEAZH_IDR,CHEAZH_OPTIMALL_OT_H_IDR_YR_2024_IF,11,15390000,618889,0
CHEAZH_IDR,CHEAZH_OPTIMALL_OT_H_IDR_YR_2025_Q1,7,9099000,389435,0
CHEAZY_IDR,CHEAZY_TELEMAYBANK_NK_H_IDR_NO_2022_IF,560,2341881600,285400000,0
CHEAZY_IDR,CHEAZY_TELEWOORI_NK_H_IDR_NO_2022_IF,16,52348800,6000000,0
CHEAZY_IDR,CHEAZY_TELEWOORI_NK_H_IDR_NO_2023_IF,1067,3739795200,333200000,0
CHEAZY_IDR,CHEAZY_TELEMAYBANK_NK_H_IDR_NO_2024_IF,133,618506400,74400000,0
CHEAZY_IDR,CHEAZY_TELEWOORI_NK_H_IDR_NO_2024_IF,78,273914400,25000000,0
CHEAZY_IDR,CHEAZY_TELEMAYBANK_NK_H_IDR_NO_2023_IF,179,809241600,86400000,0
CHEAZY_IDR,CHEAZY_TELEMAYBANK_NK_H_IDR_NO_2025_Q1,26,97079000,10900000,0
CHEAZY_IDR,CHEAZY_TELEWOORI_NK_H_IDR_NO_2025_Q1,25,86833200,8100000,0
