product_group;goc;pol_num;pre_ann;sum_assd;loan_sa;;
CAZCP__IDR;CAZCP__AZID_AG_H_IDR_NO_2025_Q1;15;471059000;7690000000;0;;
CAZCP__IDR;CAZCP__AZID_AG_H_IDR_NO_2025_Q2;109;3546707000;60191000000;0;;
CAZCP__IDR;CAZCP__EAGLE_AG_H_IDR_NO_2025_Q1;153;4971445000;94900500000;0;;
CAZCP__IDR;CAZCP__EAGLE_AG_H_IDR_NO_2025_Q2;861;25161917070;5,02723E+11;0;;
CAZCP__IDR;CAZCP__SPRING_AG_H_IDR_NO_2025_Q1;84;1872900000;44305832300;0;;
CAZCP__IDR;CAZCP__SPRING_AG_H_IDR_NO_2025_Q2;712;16087641706;3,51775E+11;0;;
CEALSP_IDR;CEALSP_HANA_NK_L_IDR_NO_2021_IF;14;166021800;3182000000;595000;;
CEALSP_IDR;CEALSP_HANA_NK_L_IDR_NO_2022_IF;27;383412500;5461000000;0;;
CEALSP_IDR;CEALSP_HANA_NK_L_IDR_NO_2024_IF;9;277754000;2493000000;0;;
CEALSP_IDR;CEALSP_HANA_NK_L_IDR_NO_2025_Q1;1;27400000;200000000;0;;
CEALSP_IDR;CEALSP_HANA_NK_L_IDR_NO_2025_Q2;3;155400000;2900000000;0;;
CEALSP_IDR;CEALSP_NISP_NK_L_IDR_NO_2022_IF;29;581113900;8656000000;0;;
CEALSP_IDR;CEALSP_NISP_NK_L_IDR_NO_2023_IF;44;1190443730;16228000000;0;;
CEALSP_IDR;CEALSP_NISP_NK_L_IDR_NO_2024_IF;20;1660784700;21700000000;0;;
CEALSP_IDR;CEALSP_NISP_NK_L_IDR_NO_2025_Q1;2;20280000;300000000;0;;
CEALSP_IDR;CEALSP_NISP_NK_L_IDR_NO_2025_Q2;1;52500000;500000000;0;;
CEALSP_IDR;CEALSP_VICTORIA_NK_L_IDR_NO_2022_IF;20;831526000;7656000000;0;;
CEALSP_IDR;CEALSP_VICTORIA_NK_L_IDR_NO_2023_IF;5;127545000;1836000000;0;;
CEALSP_IDR;CEALSP_VICTORIA_NK_L_IDR_NO_2025_Q2;1;175000000;1750000000;0;;
CEBEA__IDR;CEBEA__AZID_AG_L_IDR_NI_2014_IF;3357;1588071440;16764700000;12791509.93;;
CEBEA__USD;CEBEA__AZID_AG_L_USD_NI_2014_IF;32;18259.69;100100;0;;
CEBSA__IDR;CEBSA__AZID_AG_L_IDR_NI_2014_IF;9940;4298657418;40828350000;18869868.62;;
CEBSA__USD;CEBSA__AZID_AG_L_USD_NI_2014_IF;57;30236.9;185600;197.92;;
CECC___IDR;CECC___HSBC_KT_L_IDR_PI_2014_IF;16;1960305839;11036318300;314551676;;
CECC___IDR;CECC___HSBC_KT_L_IDR_PI_2015_IF;3;179517000;1200000000;55275000;;
CECC___IDR;CECC___HSBC_KT_L_IDR_PI_2016_IF;1;40482300;230000000;0;;
CECC___IDR;CECC___HSBC_KT_L_IDR_PI_2017_IF;64;9381353520;28553000000;462523001;;
CECC___IDR;CECC___HSBC_KT_L_IDR_PI_2018_IF;80;11645131430;39893000000;459931177;;
CECC___IDR;CECC___HSBC_KT_L_IDR_PI_2019_IF;40;4768933330;17977000000;531435313;;
CECC___IDR;CECC___HSBC_KT_L_IDR_PI_2020_IF;12;805578510;3753000000;0;;
CECC___IDR;CECC___HSBC_KT_L_IDR_PI_2021_IF;20;1919936400;7660000000;0;;
CECC___IDR;CECC___HSBC_KT_L_IDR_PI_2022_IF;76;8324489230;25836000000;13779720;;
CECC___IDR;CECC___HSBC_KT_L_IDR_PI_2023_IF;152;19958168628;61352226926;0;;
CECC___IDR;CECC___HSBC_KT_L_IDR_PI_2024_IF;72;7937134259;22251100000;0;;
CECC___IDR;CECC___HSBC_KT_L_IDR_PI_2025_Q1;1;129636000;300000000;0;;
CECC___IDR;CECC___HSBC_KT_L_IDR_PI_2025_Q2;3;203820984;715100000;0;;
CEECP__IDR;CEECP__AZID_AG_L_IDR_PI_2014_IF;3684;7157094869;58995200000;27206411;;
CEECP__USD;CEECP__AZID_AG_L_USD_PI_2014_IF;83;200614.5;865000;-18.28;;
CEEEP__IDR;CEEEP__AZID_AG_L_IDR_PI_2014_IF;4;6036200;270000000;0;;
CEEFP__IDR;CEEFP__AZID_AG_L_IDR_PI_2014_IF;5431;17645878869;1,22494E+11;78328495.84;;
CEEFP__USD;CEEFP__AZID_AG_L_USD_PI_2014_IF;222;584143.06;2830120;52.08;;
CEEFP__IDR;CEEFP__EAGLE_AG_L_IDR_PI_2014_IF;1;3651600;85000000;0;;
CEESP__IDR;CEESP__AZID_AG_L_IDR_PI_2014_IF;10863;16883219584;1,41264E+11;272.159.365.200.000.000;;
CEESP__USD;CEESP__AZID_AG_L_USD_PI_2014_IF;117;138926.24;789800;-0.69;;
CEEUP__IDR;CEEUP__AZID_AG_L_IDR_PI_2014_IF;2736;8477523867;46886200000;15962113;;
CEEUP__USD;CEEUP__AZID_AG_L_USD_PI_2014_IF;97;211616.34;787800;0.13;;
CEFC50_IDR;CEFC50_HSBC_KT_L_IDR_PI_2014_IF;1;109588000;1000000000;0;;
CEFC50_IDR;CEFC50_HSBC_KT_L_IDR_PI_2015_IF;1;153815000;500000000;0;;
CEFC50_IDR;CEFC50_HSBC_KT_L_IDR_PI_2016_IF;2;127143000;700000000;0;;
CEFC50_IDR;CEFC50_HSBC_KT_L_IDR_PI_2017_IF;76;8672247500;51031000000;638288956;;
CEFC50_IDR;CEFC50_HSBC_KT_L_IDR_PI_2018_IF;9;723876200;3870000000;290460000;;
CEFC50_IDR;CEFC50_HSBC_KT_L_IDR_PI_2019_IF;9;580911650;4060000000;0;;
CEFC50_IDR;CEFC50_HSBC_KT_L_IDR_PI_2020_IF;3;216551500;1650000000;42276000;;
CEFC50_IDR;CEFC50_HSBC_KT_L_IDR_PI_2022_IF;17;1623769750;11075000000;0;;
CEFC50_IDR;CEFC50_HSBC_KT_L_IDR_PI_2023_IF;31;6122244090;34947000000;0;;
CEFC50_IDR;CEFC50_HSBC_KT_L_IDR_PI_2024_IF;2;991988000;5200000000;0;;
CEFC55_IDR;CEFC55_HSBC_KT_L_IDR_PI_2017_IF;30;3838499800;17760000000;0;;
CEFC55_IDR;CEFC55_HSBC_KT_L_IDR_PI_2018_IF;5;628141000;2600000000;0;;
CEFC55_IDR;CEFC55_HSBC_KT_L_IDR_PI_2019_IF;4;227897640;1148000000;30592380;;
CEFC55_IDR;CEFC55_HSBC_KT_L_IDR_PI_2020_IF;1;24012000;100000000;0;;
CEFC55_IDR;CEFC55_HSBC_KT_L_IDR_PI_2022_IF;9;1036645875;6463500000;0;;
CEFC55_IDR;CEFC55_HSBC_KT_L_IDR_PI_2023_IF;10;1083449300;5070000000;0;;
CEFC55_IDR;CEFC55_HSBC_KT_L_IDR_PI_2024_IF;8;1700389920;6372000000;0;;
CEFC60_IDR;CEFC60_HSBC_KT_L_IDR_PI_2016_IF;1;99325000;500000000;0;;
CEFC60_IDR;CEFC60_HSBC_KT_L_IDR_PI_2017_IF;33;4471900560;23456000000;215783956;;
CEFC60_IDR;CEFC60_HSBC_KT_L_IDR_PI_2018_IF;5;738882100;3502000000;0;;
CEFC60_IDR;CEFC60_HSBC_KT_L_IDR_PI_2019_IF;1;100816800;420000000;0;;
CEFC60_IDR;CEFC60_HSBC_KT_L_IDR_PI_2020_IF;2;155760000;1500000000;0;;
CEFC60_IDR;CEFC60_HSBC_KT_L_IDR_PI_2021_IF;1;114061500;450000000;0;;
CEFC60_IDR;CEFC60_HSBC_KT_L_IDR_PI_2022_IF;6;690995500;8650000000;0;;
CEFC60_IDR;CEFC60_HSBC_KT_L_IDR_PI_2023_IF;4;367639438;1627000000;0;;
CEFC60_IDR;CEFC60_HSBC_KT_L_IDR_PI_2024_IF;3;119658500;770000000;0;;
CEFPST_IDR;CEFPST_QNB_NK_L_IDR_NO_2021_IF;2;24817500;225000000;0;;
CEFPST_IDR;CEFPST_QNB_NK_L_IDR_NO_2022_IF;8;313584000;3061864410;0;;
CEFPST_IDR;CEFPST_QNB_NK_L_IDR_NO_2023_IF;9;371400000;4470000000;0;;
CEFPST_IDR;CEFPST_QNB_NK_L_IDR_NO_2024_IF;16;742260260;7335441965;0;;
CEFPST_IDR;CEFPST_QNB_NK_L_IDR_NO_2025_Q1;5;183248000;1343000000;0;;
CEFR50_IDR;CEFR50_AZID_AG_L_IDR_NI_2014_IF;1358;5823293558;55324125000;9.207.870.248.449.310.000;;
CEFR50_USD;CEFR50_AZID_AG_L_USD_NI_2014_IF;76;192180.2;561600;-0.01;;
CEFR50_IDR;CEFR50_SPRING_AG_L_IDR_NI_2014_IF;1;1196400;30000000;-1;;
CEFR55_IDR;CEFR55_AZID_AG_L_IDR_NI_2014_IF;528;2694955685;21459500000;145339559;;
CEFR55_USD;CEFR55_AZID_AG_L_USD_NI_2014_IF;27;84415.16;298700;0.07;;
CEFR60_IDR;CEFR60_AZID_AG_L_IDR_NI_2014_IF;84;395558406;3233200000;27098963;;
CEFR60_USD;CEFR60_AZID_AG_L_USD_NI_2014_IF;4;7029;45000;0;;
CEGPST_IDR;CEGPST_BTPN_NK_L_IDR_NO_2020_IF;21;730165100;7732343250;0;;
CEGPST_IDR;CEGPST_BTPN_NK_L_IDR_NO_2021_IF;97;2610789974;28594560000;1551468;;
CEGPST_IDR;CEGPST_BTPN_NK_L_IDR_NO_2022_IF;72;2056260067;23291079680;0;;
CEGPST_IDR;CEGPST_BTPN_NK_L_IDR_NO_2023_IF;34;1135568250;12642269231;0;;
CEGPST_IDR;CEGPST_BTPN_NK_L_IDR_NO_2024_IF;28;1458844000;12761601960;0;;
CEGPST_IDR;CEGPST_BTPN_NK_L_IDR_NO_2025_Q1;2;105045000;1800000000;0;;
CEGPST_IDR;CEGPST_BTPN_NK_L_IDR_NO_2025_Q2;4;116340000;650000000;0;;
CEHPST_IDR;CEHPST_HSBC_KT_L_IDR_NO_2020_IF;3;133610000;1450000000;0;;
CEHPST_IDR;CEHPST_HSBC_KT_L_IDR_NO_2021_IF;54;2143805600;26130000000;0;;
CEHPST_IDR;CEHPST_HSBC_KT_L_IDR_NO_2022_IF;250;18704105700;1,45295E+11;0;;
CEHPST_IDR;CEHPST_HSBC_KT_L_IDR_NO_2023_IF;508;45021935700;4,0958E+11;0;;
CEHPST_IDR;CEHPST_HSBC_KT_L_IDR_NO_2024_IF;267;22273453070;1,76405E+11;0;;
CEHPST_IDR;CEHPST_HSBC_KT_L_IDR_NO_2025_Q1;45;3834823760;36090640000;0;;
CEHPST_IDR;CEHPST_HSBC_KT_L_IDR_NO_2025_Q2;51;5084201900;44162000000;0;;
CEHT___IDR;CEHT___AZID_AG_L_IDR_NI_2014_IF;71;14780006;126300000;-44;;
CEME___IDR;CEME___AZID_AG_L_IDR_PI_2014_IF;1000;3739989888.91;23767118118;1101651527;;
CEME___IDR;CEME___AZID_AG_L_IDR_PI_2015_IF;22;115715875;902500000;22933372;;
CEME___IDR;CEME___AZID_AG_L_IDR_PI_2016_IF;27;1210821312;2649643161;19021925;;
CEME___USD;CEME___AZID_AG_L_USD_PI_2014_IF;9;94664.05;93500;8531.16;;
CEME___IDR;CEME___EAGLE_AG_L_IDR_PI_2016_IF;1;6246600;60000000;0;;
CEME___IDR;CEME___SPRING_AG_L_IDR_PI_2014_IF;7;22414620;195855599;12383727;;
CEME___IDR;CEME___SPRING_AG_L_IDR_PI_2016_IF;4;42000000;388044008;0;;
CEME___USD;CEME___SPRING_AG_L_USD_PI_2014_IF;1;1541.98;11000;0;;
CEMF50_IDR;CEMF50_AZID_AG_L_IDR_PI_2014_IF;188;1329341294;9992100000;514657278;;
CEMF50_IDR;CEMF50_AZID_AG_L_IDR_PI_2015_IF;2;6616000;100000000;19730900;;
CEMF50_USD;CEMF50_AZID_AG_L_USD_PI_2014_IF;5;52112.75;145000;0;;
CEMF50_IDR;CEMF50_SPRING_AG_L_IDR_PI_2016_IF;2;62964000;250000000;0;;
CEMF55_IDR;CEMF55_AZID_AG_L_IDR_PI_2014_IF;175;1198252567;6987599051;438877815;;
CEMF55_IDR;CEMF55_AZID_AG_L_IDR_PI_2016_IF;1;6712500;75000000;0;;
CEMF55_USD;CEMF55_AZID_AG_L_USD_PI_2014_IF;2;3097.3;10000;0;;
CEMF55_IDR;CEMF55_SPRING_AG_L_IDR_PI_2014_IF;2;44687000;155000000;0;;
CEMF60_IDR;CEMF60_AZID_AG_L_IDR_PI_2014_IF;36;239277223;1190212855;49833530;;
CEMF60_USD;CEMF60_AZID_AG_L_USD_PI_2014_IF;1;1356.35;5000;0;;
CEMFP1_IDR;CEMFP1_PERMATA_NK_L_IDR_PI_2014_IF;8;686335930;1882000000;0;;
CEMFP2_IDR;CEMFP2_PERMATA_NK_L_IDR_PI_2014_IF;21;540568650;1701000000;126414518;;
CEMFP3_IDR;CEMFP3_PERMATA_NK_L_IDR_PI_2014_IF;9;53647250;250000000;0;;
CEMPST_IDR;CEMPST_MAYBANK_NK_L_IDR_NO_2020_IF;19;184994600;3946000000;6170000;;
CEMPST_IDR;CEMPST_MAYBANK_NK_L_IDR_NO_2021_IF;64;1121168430;19907000000;0;;
CEMPST_IDR;CEMPST_MAYBANK_NK_L_IDR_NO_2022_IF;61;1745692780;21455000000;0;;
CEMPST_IDR;CEMPST_MAYBANK_NK_L_IDR_NO_2023_IF;126;4269423508;43017955321;0;;
CEMPST_IDR;CEMPST_MAYBANK_NK_L_IDR_NO_2024_IF;64;3336092942;38670928366;0;;
CEMPST_IDR;CEMPST_MAYBANK_NK_L_IDR_NO_2025_Q1;12;580550000;3920000000;0;;
CEMPST_IDR;CEMPST_MAYBANK_NK_L_IDR_NO_2025_Q2;22;1457820800;14004000000;0;;
CEPL___IDR;CEPL___AZID_AG_L_IDR_NI_2014_IF;2534;478617375;5357900000;2906212;;
CEPL___USD;CEPL___AZID_AG_L_USD_NI_2014_IF;31;49441.2;134670;596.03;;
CEPLA__IDR;CEPLA__AZID_AG_L_IDR_NI_2014_IF;173;58808440;923700000;11;;
CEPNTR_IDR;CEPNTR_BCI_NK_L_IDR_NI_2023_IF;4;1300000000;1872000000;0;;
CEPNTR_IDR;CEPNTR_BCI_NK_L_IDR_NI_2024_IF;2;880000000;1328800000;0;;
CEPNTR_IDR;CEPNTR_BCI_NK_L_IDR_NI_2025_Q1;2;350000000;556500000;0;;
CEPNTR_IDR;CEPNTR_BCI_NK_L_IDR_NI_2025_Q2;2;550000000;874500000;0;;
CEPNTR_USD;CEPNTR_BCI_NK_L_USD_NI_2023_IF;5;365000;498850;0;;
CEPNTR_USD;CEPNTR_BCI_NK_L_USD_NI_2024_IF;2;20000;26200;0;;
CEPNTR_USD;CEPNTR_BCI_NK_L_USD_NI_2025_Q2;3;70000;91700;0;;
CEPNTR_IDR;CEPNTR_BJB_NK_L_IDR_NI_2024_IF;1;100000000;151000000;0;;
CEPNTR_USD;CEPNTR_BJB_NK_L_USD_NI_2024_IF;1;10000;13100;0;;
CEPNTR_IDR;CEPNTR_BTPN_NK_L_IDR_NI_2023_IF;89;17180000000;24739200000;0;;
CEPNTR_IDR;CEPNTR_BTPN_NK_L_IDR_NI_2024_IF;188;38410000000;57837900000;0;;
CEPNTR_IDR;CEPNTR_BTPN_NK_L_IDR_NI_2025_Q1;52;8910000000;13946900000;0;;
CEPNTR_IDR;CEPNTR_BTPN_NK_L_IDR_NI_2025_Q2;40;7050000000;11209500000;0;;
CEPNTR_USD;CEPNTR_BTPN_NK_L_USD_NI_2023_IF;18;515500;681965;0;;
CEPNTR_USD;CEPNTR_BTPN_NK_L_USD_NI_2024_IF;31;689000;900840;0;;
CEPNTR_USD;CEPNTR_BTPN_NK_L_USD_NI_2025_Q1;16;186000;243660;0;;
CEPNTR_USD;CEPNTR_BTPN_NK_L_USD_NI_2025_Q2;6;80000;104800;0;;
CEPNTR_IDR;CEPNTR_HANA_NK_L_IDR_NI_2025_Q1;1;150000000;238500000;0;;
CEPNTR_IDR;CEPNTR_HANA_NK_L_IDR_NI_2025_Q2;1;100000000;159000000;0;;
CEPNTR_USD;CEPNTR_HANA_NK_L_USD_NI_2025_Q2;3;40000;52400;0;;
CEPNTR_IDR;CEPNTR_HSBC_KT_L_IDR_NI_2023_IF;63;20480000000;29491200000;0;;
CEPNTR_IDR;CEPNTR_HSBC_KT_L_IDR_NI_2024_IF;52;12360000000;18211000000;0;;
CEPNTR_IDR;CEPNTR_HSBC_KT_L_IDR_NI_2025_Q1;5;1730000000;2750700000;0;;
CEPNTR_IDR;CEPNTR_HSBC_KT_L_IDR_NI_2025_Q2;1;500000000;795000000;0;;
CEPNTR_USD;CEPNTR_HSBC_KT_L_USD_NI_2023_IF;90;1993950;2669627;0;;
CEPNTR_USD;CEPNTR_HSBC_KT_L_USD_NI_2024_IF;63;1424000;1862850;0;;
CEPNTR_USD;CEPNTR_HSBC_KT_L_USD_NI_2025_Q1;3;50000;65500;0;;
CEPNTR_USD;CEPNTR_HSBC_KT_L_USD_NI_2025_Q2;5;85000;111350;0;;
CEPNTR_IDR;CEPNTR_MAYBANK_NK_L_IDR_NI_2024_IF;229;62550000000;95584100000;0;;
CEPNTR_IDR;CEPNTR_MAYBANK_NK_L_IDR_NI_2025_Q1;155;31650000000;49417900000;0;;
CEPNTR_IDR;CEPNTR_MAYBANK_NK_L_IDR_NI_2025_Q2;117;38630000000;61421700000;0;;
CEPNTR_USD;CEPNTR_MAYBANK_NK_L_USD_NI_2023_IF;227;4495717;5959505;0;;
CEPNTR_USD;CEPNTR_MAYBANK_NK_L_USD_NI_2024_IF;143;2628000;3442680;0;;
CEPNTR_USD;CEPNTR_MAYBANK_NK_L_USD_NI_2025_Q1;40;616000;806960;0;;
CEPNTR_USD;CEPNTR_MAYBANK_NK_L_USD_NI_2025_Q2;59;965000;1264150;0;;
CEPNTR_IDR;CEPNTR_QNB_NK_L_IDR_NI_2024_IF;4;1200000000;1908000000;0;;
CEPNTR_IDR;CEPNTR_QNB_NK_L_IDR_NI_2025_Q1;16;6770000000;10520300000;0;;
CEPNTR_IDR;CEPNTR_QNB_NK_L_IDR_NI_2025_Q2;5;2200000000;3498000000;0;;
CEPNTR_USD;CEPNTR_QNB_NK_L_USD_NI_2024_IF;1;60000;78600;0;;
CEPNTR_USD;CEPNTR_QNB_NK_L_USD_NI_2025_Q1;8;261000;341910;0;;
CEPNTR_USD;CEPNTR_QNB_NK_L_USD_NI_2025_Q2;4;130000;170300;0;;
CEPNTR_IDR;CEPNTR_VICTORIA_NK_L_IDR_NI_2023_IF;2;250000000;360000000;0;;
CEPNTR_IDR;CEPNTR_VICTORIA_NK_L_IDR_NI_2024_IF;9;1100000000;1661000000;0;;
CEPNTR_IDR;CEPNTR_VICTORIA_NK_L_IDR_NI_2025_Q1;3;300000000;477000000;0;;
CEPNTR_IDR;CEPNTR_VICTORIA_NK_L_IDR_NI_2025_Q2;2;200000000;318000000;0;;
CEPNTR_USD;CEPNTR_VICTORIA_NK_L_USD_NI_2024_IF;2;30000;39300;0;;
CEPNTR_USD;CEPNTR_VICTORIA_NK_L_USD_NI_2025_Q1;1;10000;13100;0;;
CESC___IDR;CESC___AZID_AG_L_IDR_PI_2014_IF;83;287121200;1702000000;35185;;
CESC___USD;CESC___AZID_AG_L_USD_PI_2014_IF;3;3000;15500;0;;
CESCP__IDR;CESCP__AZID_AG_L_IDR_PI_2014_IF;31;57426480;456000000;4123;;
CESD___IDR;CESD___AZID_AG_L_IDR_PI_2014_IF;1;505750;25000000;5426551;;
CESD___USD;CESD___AZID_AG_L_USD_PI_2014_IF;1;4938;120000;0;;
CESE___IDR;CESE___AZID_AG_L_IDR_PI_2014_IF;262;625094290;5610500000;23858273;;
CESE___USD;CESE___AZID_AG_L_USD_PI_2014_IF;3;2795.5;20000;0;;
CESEP__IDR;CESEP__AZID_AG_L_IDR_PI_2014_IF;26;41049880;373000000;-10;;
CESF___IDR;CESF___AZID_AG_L_IDR_PI_2014_IF;426;1727337019;12599700000;184616;;
CESF___USD;CESF___AZID_AG_L_USD_PI_2014_IF;10;26048.75;124600;0.01;;
CESFP__IDR;CESFP__AZID_AG_L_IDR_PI_2014_IF;54;95096264;663000000;-8;;
CESFP__USD;CESFP__AZID_AG_L_USD_PI_2014_IF;4;16534.44;118000;0;;
CESS___IDR;CESS___AZID_AG_L_IDR_PI_2014_IF;553;964336373;7283100000;2495648;;
CESS___USD;CESS___AZID_AG_L_USD_PI_2014_IF;5;13389.08;63500;0;;
CESSP__IDR;CESSP__AZID_AG_L_IDR_PI_2014_IF;268;453617054;3226000000;-20849;;
CESSP__USD;CESSP__AZID_AG_L_USD_PI_2014_IF;2;3677.16;23000;0.02;;
CESU___IDR;CESU___AZID_AG_L_IDR_PI_2014_IF;197;798757666;4093700000;661869;;
CESU___USD;CESU___AZID_AG_L_USD_PI_2014_IF;6;14295.99;46500;0;;
CESUP__IDR;CESUP__AZID_AG_L_IDR_PI_2014_IF;49;95573888;625000000;-12;;
CESUP__USD;CESUP__AZID_AG_L_USD_PI_2014_IF;1;1560;10000;-0.03;;
CEZPST_IDR;CEZPST_ASN3_AG_L_IDR_NO_2024_IF;4;22526592;849240000;0;;
CEZPST_IDR;CEZPST_AZID_AG_L_IDR_NO_2020_IF;31;1062130200;13685000000;0;;
CEZPST_IDR;CEZPST_AZID_AG_L_IDR_NO_2021_IF;26;417839339;7100000000;0;;
CEZPST_IDR;CEZPST_AZID_AG_L_IDR_NO_2022_IF;102;2969381890;49242000000;3411853;;
CEZPST_IDR;CEZPST_AZID_AG_L_IDR_NO_2023_IF;138;3942053114;52369500000;140010;;
CEZPST_IDR;CEZPST_AZID_AG_L_IDR_NO_2024_IF;139;3304279268;43671950000;0;;
CEZPST_IDR;CEZPST_AZID_AG_L_IDR_NO_2025_Q1;22;490337520;8755000000;0;;
CEZPST_IDR;CEZPST_AZID_AG_L_IDR_NO_2025_Q2;23;709287600;7015000000;0;;
CEZPST_IDR;CEZPST_EAGLE_AG_L_IDR_NO_2020_IF;111;2596042640;46275168000;28688675;;
CEZPST_IDR;CEZPST_EAGLE_AG_L_IDR_NO_2021_IF;154;3746026444;67675300000;5118918;;
CEZPST_IDR;CEZPST_EAGLE_AG_L_IDR_NO_2022_IF;168;4809797340;80767900000;5009378;;
CEZPST_IDR;CEZPST_EAGLE_AG_L_IDR_NO_2023_IF;170;5064994140;92417999999;10328609;;
CEZPST_IDR;CEZPST_EAGLE_AG_L_IDR_NO_2024_IF;156;3423195925;56750788300;0;;
CEZPST_IDR;CEZPST_EAGLE_AG_L_IDR_NO_2025_Q1;26;766598960;13500000000;0;;
CEZPST_IDR;CEZPST_EAGLE_AG_L_IDR_NO_2025_Q2;17;478009380;7640799131;0;;
CEZPST_IDR;CEZPST_SPRING_AG_L_IDR_NO_2020_IF;188;4451810340;78838000000;34800349;;
CEZPST_IDR;CEZPST_SPRING_AG_L_IDR_NO_2021_IF;156;4035026916;73484100000;6087831;;
CEZPST_IDR;CEZPST_SPRING_AG_L_IDR_NO_2022_IF;312;10545415605;1,72448E+11;0;;
CEZPST_IDR;CEZPST_SPRING_AG_L_IDR_NO_2023_IF;441;13355730584;2,25509E+11;0;;
CEZPST_IDR;CEZPST_SPRING_AG_L_IDR_NO_2024_IF;561;9810850170;2,01458E+11;0;;
CEZPST_IDR;CEZPST_SPRING_AG_L_IDR_NO_2025_Q1;130;3100534951;55229028915;0;;
CEZPST_IDR;CEZPST_SPRING_AG_L_IDR_NO_2025_Q2;95;1299348348;21753160640;0;;
CHCPT__IDR;CHCPT__TELEMAYBANK_NK_L_IDR_NO_2023_IF;1;4596000;300000;0;;
CHCPT__IDR;CHCPT__TELEMAYBANK_NK_L_IDR_NO_2024_IF;1;7164000;1000000;0;;
CJLIFE_IDR;CJLIFE_HSBC_KT_L_IDR_NO_2019_IF;1;6000000;587500000;0;;
CJLIFE_IDR;CJLIFE_HSBC_KT_L_IDR_NO_2020_IF;2;12000000;845500000;0;;
CJLIFE_IDR;CJLIFE_HSBC_KT_L_IDR_NO_2022_IF;1;12000000;635000000;0;;
CPBECI_IDR;CPBECI_AZID_AG_H_IDR_NO_2025_Q1;3;883000;42799200;0;;
CPBECI_IDR;CPBECI_AZID_AG_H_IDR_NO_2025_Q2;6;1032000;5790090;0;;
CPBECI_IDR;CPBECI_EAGLE_AG_H_IDR_NO_2025_Q1;17;4056000;255797010;0;;
CPBECI_IDR;CPBECI_EAGLE_AG_H_IDR_NO_2025_Q2;94;30842000;1636895942;0;;
CPBECI_IDR;CPBECI_SPRING_AG_H_IDR_NO_2025_Q1;13;5340000;134460600;0;;
CPBECI_IDR;CPBECI_SPRING_AG_H_IDR_NO_2025_Q2;77;33452000;1256143598;0;;
CSAMAN_IDR;CSAMAN_AZID_AG_L_IDR_SN_2023_IF;96;2155996460;32427000000;0;;
CSAMAN_IDR;CSAMAN_AZID_AG_L_IDR_SN_2024_IF;94;2401044085;29357500000;0;;
CSAMAN_IDR;CSAMAN_AZID_AG_L_IDR_SN_2025_Q1;16;637655912;7308000000;0;;
CSAMAN_IDR;CSAMAN_AZID_AG_L_IDR_SN_2025_Q2;9;255365000;2225000000;0;;
CSAMAN_IDR;CSAMAN_EAGLE_AG_L_IDR_SN_2023_IF;89;2819324550;37064800000;0;;
CSAMAN_IDR;CSAMAN_EAGLE_AG_L_IDR_SN_2024_IF;130;2826623852;36800500000;0;;
CSAMAN_IDR;CSAMAN_EAGLE_AG_L_IDR_SN_2025_Q1;33;900754100;12495000000;0;;
CSAMAN_IDR;CSAMAN_EAGLE_AG_L_IDR_SN_2025_Q2;23;344176400;4515000000;0;;
CSAMAN_IDR;CSAMAN_MAYBANK_NK_L_IDR_SN_2024_IF;69;2806082530;23127442193;0;;
CSAMAN_IDR;CSAMAN_MAYBANK_NK_L_IDR_SN_2025_Q1;23;815296241;5813950000;0;;
CSAMAN_IDR;CSAMAN_MAYBANK_NK_L_IDR_SN_2025_Q2;27;1065744100;5518000000;0;;
CSAMAN_IDR;CSAMAN_SPRING_AG_L_IDR_SN_2023_IF;177;4795504588;68352500000;0;;
CSAMAN_IDR;CSAMAN_SPRING_AG_L_IDR_SN_2024_IF;145;2549961880;44088967200;0;;
CSAMAN_IDR;CSAMAN_SPRING_AG_L_IDR_SN_2025_Q1;47;895699800;17334677250;0;;
CSAMAN_IDR;CSAMAN_SPRING_AG_L_IDR_SN_2025_Q2;18;325302300;6670000000;0;;
CSCI49_IDR;CSCI49_ASN3_AG_L_IDR_SN_2024_IF;1;8820000;400000000;0;;
CSCI49_IDR;CSCI49_AZID_AG_L_IDR_SN_2023_IF;120;372415560;52970660297;0;;
CSCI49_IDR;CSCI49_AZID_AG_L_IDR_SN_2024_IF;37;93816660;11148297500;0;;
CSCI49_IDR;CSCI49_EAGLE_AG_L_IDR_SN_2023_IF;680;1820011055;3,28302E+11;0;;
CSCI49_IDR;CSCI49_EAGLE_AG_L_IDR_SN_2024_IF;7;21262476;4076600000;0;;
CSCI49_IDR;CSCI49_SPRING_AG_L_IDR_SN_2023_IF;1107;3226688964;5,46412E+11;0;;
CSCI49_IDR;CSCI49_SPRING_AG_L_IDR_SN_2024_IF;78;246386064;31090300027;0;;
CSGREN_IDR;CSGREN_BTPN_NK_L_IDR_SI_2024_IF;111;5185508607;49726830000;0;;
CSGREN_IDR;CSGREN_BTPN_NK_L_IDR_SI_2025_Q1;52;2230686882;21319670000;0;;
CSGREN_IDR;CSGREN_BTPN_NK_L_IDR_SI_2025_Q2;91;4394167774;42144280000;0;;
CSHNDL_IDR;CSHNDL_ASN3_AG_L_IDR_SN_2024_IF;1;13871196;400000000;0;;
CSHNDL_IDR;CSHNDL_AZID_AG_L_IDR_SN_2023_IF;120;582968472;52970660297;0;;
CSHNDL_IDR;CSHNDL_AZID_AG_L_IDR_SN_2024_IF;37;142335316;11148297500;0;;
CSHNDL_IDR;CSHNDL_EAGLE_AG_L_IDR_SN_2023_IF;681;3005663424;3,29079E+11;0;;
CSHNDL_IDR;CSHNDL_EAGLE_AG_L_IDR_SN_2024_IF;7;40299840;4076600000;0;;
CSHNDL_IDR;CSHNDL_SPRING_AG_L_IDR_SN_2023_IF;1109;5217105884;5,48412E+11;0;;
CSHNDL_IDR;CSHNDL_SPRING_AG_L_IDR_SN_2024_IF;78;361001412;31090300027;0;;
CSLGM__IDR;CSLGM__AZID_AG_L_IDR_SN_2024_IF;126;6428896028.5;1,57182E+11;0;;
CSLGM__IDR;CSLGM__AZID_AG_L_IDR_SN_2025_Q1;56;1214985000;42549500002;0;;
CSLGM__IDR;CSLGM__AZID_AG_L_IDR_SN_2025_Q2;27;2.336.547.675.425;58743300000;0;;
CSLGM__IDR;CSLGM__EAGLE_AG_L_IDR_SN_2024_IF;1652;75.116.718.984.735;2,93054E+12;0;;
CSLGM__IDR;CSLGM__EAGLE_AG_L_IDR_SN_2025_Q1;441;13.737.473.728.911.100;5,23519E+11;0;;
CSLGM__IDR;CSLGM__EAGLE_AG_L_IDR_SN_2025_Q2;287;10645239195.7;3,87866E+11;0;;
CSLGM__IDR;CSLGM__SPRING_AG_L_IDR_SN_2024_IF;302;19.336.647.867.125;6,70153E+11;0;;
CSLGM__IDR;CSLGM__SPRING_AG_L_IDR_SN_2025_Q1;96;3061070900;1,22367E+11;0;;
CSLGM__IDR;CSLGM__SPRING_AG_L_IDR_SN_2025_Q2;68;2154179472;77274022500;0;;
CSNREN_IDR;CSNREN_NISP_NK_L_IDR_SI_2025_Q2;2;78967500;750000000;0;;
CSREN__IDR;CSREN__MAYBANK_NK_L_IDR_SI_2024_IF;1699;65406970096;6,21662E+11;0;;
CSREN__IDR;CSREN__MAYBANK_NK_L_IDR_SI_2025_Q1;438;16335987665;1,57116E+11;0;;
CSREN__IDR;CSREN__MAYBANK_NK_L_IDR_SI_2025_Q2;394;11507095082;1,09561E+11;0;;
CTCICP_IDR;CTCICP_HSBC_KT_H_IDR_NO_2021_IF;58;109584000;7200000000;0;;
CTCICP_IDR;CTCICP_HSBC_KT_H_IDR_NO_2022_IF;23;60036000;3400000000;0;;
CTEZPL_IDR;CTEZPL_NISP_NK_L_IDR_NO_2024_IF;25;60900000;2272500000;0;;
CTEZPL_IDR;CTEZPL_NISP_NK_L_IDR_NO_2025_Q1;5;31100000;1170000000;0;;
CTEZPL_IDR;CTEZPL_NISP_NK_L_IDR_NO_2025_Q2;5;28800000;1080000000;0;;
CTEZPL_IDR;CTEZPL_TELEMAYBANK_NK_L_IDR_NO_2023_IF;126;238800000;7762500000;0;;
CTEZPL_IDR;CTEZPL_TELEMAYBANK_NK_L_IDR_NO_2024_IF;1131;1857000000;61785000000;0;;
CTEZPL_IDR;CTEZPL_TELEMAYBANK_NK_L_IDR_NO_2025_Q1;601;1093200000;37530000000;0;;
CTEZPL_IDR;CTEZPL_TELEMAYBANK_NK_L_IDR_NO_2025_Q2;978;2065800000;71021250000;0;;
CTEZPL_IDR;CTEZPL_TELEWOORI_NK_L_IDR_NO_2023_IF;100;130800000;3600000000;0;;
CTEZPL_IDR;CTEZPL_TELEWOORI_NK_L_IDR_NO_2024_IF;210;343200000;9877500000;0;;
CTEZPL_IDR;CTEZPL_TELEWOORI_NK_L_IDR_NO_2025_Q1;78;137400000;3453750000;0;;
CTEZPL_IDR;CTEZPL_TELEWOORI_NK_L_IDR_NO_2025_Q2;110;181200000;5557500000;0;;
CTMPJG_IDR;CTMPJG_MAYBANK_NK_L_IDR_NO_2018_IF;163;325800000;13575000000;0;;
CTMPJG_IDR;CTMPJG_MAYBANK_NK_L_IDR_NO_2019_IF;139;271800000;11325000000;0;;
CTMPJG_IDR;CTMPJG_MAYBANK_NK_L_IDR_NO_2020_IF;2218;3774000000;1,5725E+11;0;;
CTMPJG_IDR;CTMPJG_MAYBANK_NK_L_IDR_NO_2021_IF;3725;6391200000;2,663E+11;0;;
CTMPJG_IDR;CTMPJG_MAYBANK_NK_L_IDR_NO_2022_IF;2483;6322800000;2,6345E+11;0;;
CTMPJG_IDR;CTMPJG_MAYBANK_NK_L_IDR_NO_2023_IF;1181;4006800000;1,6695E+11;0;;
CTMPJG_IDR;CTMPJG_MAYBANK_NK_L_IDR_NO_2024_IF;1072;4903200000;2,043E+11;0;;
CTMPJG_IDR;CTMPJG_MAYBANK_NK_L_IDR_NO_2025_Q1;494;2206200000;91925000000;0;;
CTMPJG_IDR;CTMPJG_MAYBANK_NK_L_IDR_NO_2025_Q2;770;3366000000;1,4025E+11;0;;
CTMPJG_IDR;CTMPJG_TELEMAYBANK_NK_L_IDR_NO_2020_IF;795;2425200000;1,0105E+11;0;;
CTMPJG_IDR;CTMPJG_TELEMAYBANK_NK_L_IDR_NO_2021_IF;93;220800000;9200000000;0;;
CTMPJG_IDR;CTMPJG_TELEMAYBANK_NK_L_IDR_NO_2023_IF;29;37200000;1550000000;0;;
CTMPJS_IDR;CTMPJS_MAYBANK_NK_L_IDR_NO_2018_IF;6;7200000;600000000;0;;
CTMPJS_IDR;CTMPJS_MAYBANK_NK_L_IDR_NO_2019_IF;4;6600000;550000000;0;;
CTMPJS_IDR;CTMPJS_MAYBANK_NK_L_IDR_NO_2020_IF;1;2400000;200000000;0;;
CTMPSL_IDR;CTMPSL_TELEMAYBANK_NK_L_IDR_NO_2021_IF;1168;2504400000;85320000000;0;;
CTMPSL_IDR;CTMPSL_TELEMAYBANK_NK_L_IDR_NO_2022_IF;1486;3957600000;1,26068E+11;0;;
CTMPSL_IDR;CTMPSL_TELEMAYBANK_NK_L_IDR_NO_2023_IF;3021;11001600000;3,4947E+11;0;;
CTMPSL_IDR;CTMPSL_TELEMAYBANK_NK_L_IDR_NO_2024_IF;2706;13617600000;4,3686E+11;0;;
CTMPSL_IDR;CTMPSL_TELEMAYBANK_NK_L_IDR_NO_2025_Q1;1046;4836000000;1,58445E+11;0;;
CTMPSL_IDR;CTMPSL_TELEMAYBANK_NK_L_IDR_NO_2025_Q2;1263;5865600000;2,00858E+11;0;;
CTPLA__IDR;CTPLA__HSBC_KT_L_IDR_NO_2023_IF;6;231480000;41000000000;0;;
CTPLA__IDR;CTPLA__HSBC_KT_L_IDR_NO_2024_IF;3;47450000;15000000000;0;;
CTSL___IDR;CTSL___AZID_AG_L_IDR_NO_2014_IF;2;10570000;1000000000;0;;
CTSL___IDR;CTSL___AZID_AG_L_IDR_NO_2016_IF;2;3535000;362107623;0;;
CTSL___IDR;CTSL___AZID_AG_L_IDR_NO_2017_IF;2;7288800;1026500000;0;;
CTSL___IDR;CTSL___AZID_AG_L_IDR_NO_2018_IF;5;6231480;838695794;0;;
CTSL___IDR;CTSL___AZID_AG_L_IDR_NO_2019_IF;6;11190000;871541119;0;;
CTSL___IDR;CTSL___AZID_AG_L_IDR_NO_2020_IF;1;504570;16500000;0;;
CTSL___IDR;CTSL___EAGLE_AG_L_IDR_NO_2017_IF;2;5335500;450586224;0;;
CTSL___IDR;CTSL___SPRING_AG_L_IDR_NO_2014_IF;1;1420000;200000000;0;;
CTSL___IDR;CTSL___SPRING_AG_L_IDR_NO_2018_IF;2;1000000;59612948;0;;
CTSL__A_IDR;CTSL__A_AZID_AG_L_IDR_NO_2020_IF;3;3062160;590678899;0;;
CTSL__A_IDR;CTSL__A_AZID_AG_L_IDR_NO_2021_IF;5;2512450;316027481;0;;
CTSL__A_IDR;CTSL__A_EAGLE_AG_L_IDR_NO_2020_IF;1;500000;52966102;0;;
CTSL__A_IDR;CTSL__A_SPRING_AG_L_IDR_NO_2020_IF;1;10650000;1500000000;0;;
CTSL__A_IDR;CTSL__A_SPRING_AG_L_IDR_NO_2021_IF;1;2000000;266311585;0;;
CTTP___IDR;CTTP___AZID_AG_L_IDR_NO_2014_IF;17;33588000;2300000000;0;;
CTTP___IDR;CTTP___SPRING_AG_L_IDR_NO_2014_IF;106;165592800;13400000000;0;;
CWEWP__IDR;CWEWP__AZID_AG_L_IDR_PI_2014_IF;282;693526159;23977000000;153458118;;
CWEWP__USD;CWEWP__AZID_AG_L_USD_PI_2014_IF;1;546;15000;0;;
CWEXP__IDR;CWEXP__AZID_AG_L_IDR_PI_2014_IF;2428;5961866086;3,33155E+11;4610672857;;
CWEXP__USD;CWEXP__AZID_AG_L_USD_PI_2014_IF;152;210704.24;4539400;168663.7;;
CWFUTR_IDR;CWFUTR_MAYBANK_NK_L_IDR_NO_2025_Q1;33;11466772950;1,3826E+11;0;;
CWFUTR_IDR;CWFUTR_MAYBANK_NK_L_IDR_NO_2025_Q2;24;6605603310;92444000000;0;;
CWGLGC_IDR;CWGLGC_BTPN_NK_L_IDR_NO_2023_IF;412;19820109248.75;821990942525.5;0;;
CWGLGC_IDR;CWGLGC_BTPN_NK_L_IDR_NO_2024_IF;465;20052699941.09;8,33452E+11;0;;
CWGLGC_IDR;CWGLGC_BTPN_NK_L_IDR_NO_2025_Q1;61;2.461.751.215.517.640.000.000;1,05848E+11;0;;
CWGLGC_IDR;CWGLGC_BTPN_NK_L_IDR_NO_2025_Q2;69;3090564040;1,16974E+11;0;;
CWGLGC_USD;CWGLGC_BTPN_NK_L_USD_NO_2023_IF;5;20369;1075000;0;;
CWGLGC_USD;CWGLGC_BTPN_NK_L_USD_NO_2024_IF;17;108940;2570183;0;;
CWGLGC_USD;CWGLGC_BTPN_NK_L_USD_NO_2025_Q1;2;13909;320740;0;;
CWHIPP_IDR;CWHIPP_HSBC_KT_L_IDR_NI_2024_IF;646;77245000000;77245000000;0;;
CWHIPP_IDR;CWHIPP_HSBC_KT_L_IDR_NI_2025_Q1;335;44092000000;44092000000;0;;
CWHIPP_IDR;CWHIPP_HSBC_KT_L_IDR_NI_2025_Q2;292;35810000000;35810000000;0;;
CWLGC__IDR;CWLGC__AZID_AG_L_IDR_NO_2023_IF;456;19.090.307.383.518.700.000.000;8,83151E+11;0;;
CWLGC__IDR;CWLGC__AZID_AG_L_IDR_NO_2024_IF;431;15.573.210.000.861.800.000.000;6,32193E+11;0;;
CWLGC__IDR;CWLGC__AZID_AG_L_IDR_NO_2025_Q1;70;2192012396;86760888999;0;;
CWLGC__IDR;CWLGC__AZID_AG_L_IDR_NO_2025_Q2;85;2602991247.18;1,38547E+11;0;;
CWLGC__USD;CWLGC__AZID_AG_L_USD_NO_2023_IF;6;48645;1395400;0;;
CWLGC__USD;CWLGC__AZID_AG_L_USD_NO_2024_IF;9;260859;10832750;0;;
CWLGC__USD;CWLGC__AZID_AG_L_USD_NO_2025_Q2;1;13578;300000;0;;
CWLGC__IDR;CWLGC__AZLI_STAFF_AG_L_IDR_NO_2023_IF;36;951656900;51010000000;0;;
CWLGC__IDR;CWLGC__AZLI_STAFF_AG_L_IDR_NO_2024_IF;10;197068800;15350000000;0;;
CWLGC__IDR;CWLGC__AZLI_STAFF_AG_L_IDR_NO_2025_Q1;2;50830000;2600000000;0;;
CWLGC__IDR;CWLGC__AZLI_STAFF_AG_L_IDR_NO_2025_Q2;2;111464000;3000000000;0;;
CWLGC__IDR;CWLGC__EAGLE_AG_L_IDR_NO_2023_IF;7931;40.334.628.434.602.400.000.000.000.000;19983179583512.1;0;;
CWLGC__IDR;CWLGC__EAGLE_AG_L_IDR_NO_2024_IF;6844;27.243.867.298.477.500.000.000.000.000;12668934851668.7;0;;
CWLGC__IDR;CWLGC__EAGLE_AG_L_IDR_NO_2025_Q1;1552;55.725.612.138.653.500.000.000.000.000;2,51814E+12;0;;
CWLGC__IDR;CWLGC__EAGLE_AG_L_IDR_NO_2025_Q2;1216;45.281.334.581.642.800.000.000;2,14478E+12;0;;
CWLGC__USD;CWLGC__EAGLE_AG_L_USD_NO_2023_IF;110;1326587.9;41965198.9;0;;
CWLGC__USD;CWLGC__EAGLE_AG_L_USD_NO_2024_IF;93;1277994.08;32236081;0;;
CWLGC__USD;CWLGC__EAGLE_AG_L_USD_NO_2025_Q1;29;302081;8837000;0;;
CWLGC__USD;CWLGC__EAGLE_AG_L_USD_NO_2025_Q2;39;300996.59;10626020;0;;
CWLGC__IDR;CWLGC__SPRING_AG_L_IDR_NO_2023_IF;1966;9.702.572.135.136.840.000.000.000.000;4944109120072.7;0;;
CWLGC__IDR;CWLGC__SPRING_AG_L_IDR_NO_2024_IF;1523;62.465.285.224.955.900.000.000.000.000;3009498629247.8;0;;
CWLGC__IDR;CWLGC__SPRING_AG_L_IDR_NO_2025_Q1;378;12761506329.66;6,05545E+11;0;;
CWLGC__IDR;CWLGC__SPRING_AG_L_IDR_NO_2025_Q2;323;11.718.499.984.085.500.000.000.000.000;5,42236E+11;0;;
CWLGC__USD;CWLGC__SPRING_AG_L_USD_NO_2023_IF;23;214112.99;5911200;0;;
CWLGC__USD;CWLGC__SPRING_AG_L_USD_NO_2024_IF;16;132178;5149000;0;;
CWLGC__USD;CWLGC__SPRING_AG_L_USD_NO_2025_Q1;4;35392;1860000;0;;
CWLGC__USD;CWLGC__SPRING_AG_L_USD_NO_2025_Q2;3;18463;792500;0;;
CWLGCP_IDR;CWLGCP_BCI_NK_L_IDR_NO_2023_IF;4;192207000;9000000000;0;;
CWLGCP_IDR;CWLGCP_BCI_NK_L_IDR_NO_2024_IF;24;1721974810;51346000001.1;0;;
CWLGCP_IDR;CWLGCP_BCI_NK_L_IDR_NO_2025_Q1;3;50019400;3706000000;0;;
CWLGCP_IDR;CWLGCP_BCI_NK_L_IDR_NO_2025_Q2;1;77072000;1760000000;0;;
CWLGCP_USD;CWLGCP_BCI_NK_L_USD_NO_2024_IF;1;3001;75300;0;;
CWLGCP_IDR;CWLGCP_HANA_NK_L_IDR_NO_2024_IF;8;690699000;19420000000;0;;
CWLGCP_IDR;CWLGCP_HANA_NK_L_IDR_NO_2025_Q1;21;1384955500;58260000000;0;;
CWLGCP_IDR;CWLGCP_HANA_NK_L_IDR_NO_2025_Q2;12;565033300;26625000000;0;;
CWLGCP_USD;CWLGCP_HANA_NK_L_USD_NO_2024_IF;2;27226;385000;0;;
CWLGCP_USD;CWLGCP_HANA_NK_L_USD_NO_2025_Q1;1;10066;132000;0;;
CWLGCP_IDR;CWLGCP_NISP_NK_L_IDR_NO_2024_IF;415;19.692.995.163.215.100.000.000;9,24984E+11;0;;
CWLGCP_IDR;CWLGCP_NISP_NK_L_IDR_NO_2025_Q1;39;1910541300;72086500000;0;;
CWLGCP_IDR;CWLGCP_NISP_NK_L_IDR_NO_2025_Q2;44;1656364623.26;88013175000;0;;
CWLGCP_USD;CWLGCP_NISP_NK_L_USD_NO_2024_IF;58;503005.96;14359320;0;;
CWLGCP_USD;CWLGCP_NISP_NK_L_USD_NO_2025_Q1;4;60614;1515000;0;;
CWLGCP_USD;CWLGCP_NISP_NK_L_USD_NO_2025_Q2;8;57619;1390000;0;;
CWLGCP_IDR;CWLGCP_QNB_NK_L_IDR_NO_2025_Q1;1;18941000;1400000000;0;;
CWLGCP_IDR;CWLGCP_QNB_NK_L_IDR_NO_2025_Q2;34;1824204680.5;77197000000;0;;
CWLGCP_USD;CWLGCP_QNB_NK_L_USD_NO_2025_Q2;3;17543;540000;0;;
CWLGCP_IDR;CWLGCP_VICTORIA_NK_L_IDR_NO_2023_IF;11;712507200;28580000000;0;;
CWLGCP_IDR;CWLGCP_VICTORIA_NK_L_IDR_NO_2024_IF;24;1369305400;52290000000;0;;
CWLGCP_IDR;CWLGCP_VICTORIA_NK_L_IDR_NO_2025_Q1;4;294322500;13550000000;0;;
CWLGCP_IDR;CWLGCP_VICTORIA_NK_L_IDR_NO_2025_Q2;3;227613400;10620000000;0;;
CWMLGC_IDR;CWMLGC_MAYBANK_NK_L_IDR_NO_2023_IF;1015;48119180956.81;2,21384E+12;0;;
CWMLGC_IDR;CWMLGC_MAYBANK_NK_L_IDR_NO_2024_IF;1346;60.719.289.103.954.600.000.000;2,50858E+12;0;;
CWMLGC_IDR;CWMLGC_MAYBANK_NK_L_IDR_NO_2025_Q1;322;14.354.234.373.394.300.000.000;5,83265E+11;0;;
CWMLGC_IDR;CWMLGC_MAYBANK_NK_L_IDR_NO_2025_Q2;318;11609788780.08;5,0515E+11;0;;
CWMLGC_USD;CWMLGC_MAYBANK_NK_L_USD_NO_2023_IF;40;392295.57;9342765;0;;
CWMLGC_USD;CWMLGC_MAYBANK_NK_L_USD_NO_2024_IF;64;711167.9;16883210;0;;
CWMLGC_USD;CWMLGC_MAYBANK_NK_L_USD_NO_2025_Q1;27;269809.76;5004945;0;;
CWMLGC_USD;CWMLGC_MAYBANK_NK_L_USD_NO_2025_Q2;11;65681.44;1253310;0;;
CWMP___IDR;CWMP___AZID_AG_L_IDR_PI_2014_IF;1120;2835570476;92829701629;1122426497.56;;
CWMP___IDR;CWMP___AZID_AG_L_IDR_PI_2015_IF;22;46920820;1834611591;11551779;;
CWMP___IDR;CWMP___AZID_AG_L_IDR_PI_2016_IF;20;37271016;1329205610;6481094;;
CWMP___USD;CWMP___AZID_AG_L_USD_PI_2014_IF;17;31808.2;587000;15801.08;;
CWMP___IDR;CWMP___SPRING_AG_L_IDR_PI_2014_IF;17;450357645;6952500000;-1;;
CWMP___IDR;CWMP___SPRING_AG_L_IDR_PI_2015_IF;5;4614600;386188863;1614708;;
CWMP___IDR;CWMP___SPRING_AG_L_IDR_PI_2016_IF;11;448815800;3491955812;0;;
CWMP___USD;CWMP___SPRING_AG_L_USD_PI_2014_IF;1;4336;100000;0;;
CWMP___USD;CWMP___SPRING_AG_L_USD_PI_2016_IF;1;10527.6;30000;0;;
CWMWKU_IDR;CWMWKU_DANAMON_NK_L_IDR_PI_2014_IF;24;989405200;6657880815;238624486;;
CWPRLA_IDR;CWPRLA_HSBC_KT_L_IDR_NO_2024_IF;514;2,00449E+11;2,25621E+12;0;;
CWPRLA_IDR;CWPRLA_HSBC_KT_L_IDR_NO_2025_Q1;89;30706529100;3,49132E+11;0;;
CWPRLA_IDR;CWPRLA_HSBC_KT_L_IDR_NO_2025_Q2;77;31482868500;3,2425E+11;0;;
CWSX___IDR;CWSX___AZID_AG_L_IDR_PI_2014_IF;1415;3942459677;1,64243E+11;1169820876;;
CWSX___USD;CWSX___AZID_AG_L_USD_PI_2014_IF;53;102566.26;1559500;9781.51;;
CWSXP__IDR;CWSXP__AZID_AG_L_IDR_PI_2014_IF;46;100883624;4299000000;11536510;;
WPCI77_IDR;WPCI77_ASN3_AG_L_IDR_NO_2024_IF;2;347512;6491700;0;;
WPCI77_IDR;WPCI77_AZID_AG_L_IDR_NO_2021_IF;3;1089801;9615500;0;;
WPCI77_IDR;WPCI77_AZID_AG_L_IDR_NO_2022_IF;63;73175629.6;933227655;0;;
WPCI77_IDR;WPCI77_AZID_AG_L_IDR_NO_2023_IF;91;98235500.56;1353196887;0;;
WPCI77_IDR;WPCI77_AZID_AG_L_IDR_NO_2024_IF;108;103840777;1279673761;0;;
WPCI77_IDR;WPCI77_AZID_AG_L_IDR_NO_2025_Q1;12;19903491;150504710;0;;
WPCI77_IDR;WPCI77_AZID_AG_L_IDR_NO_2025_Q2;17;24198661;192264300;0;;
WPCI77_IDR;WPCI77_EAGLE_AG_L_IDR_NO_2020_IF;1;691524;3331050;0;;
WPCI77_IDR;WPCI77_EAGLE_AG_L_IDR_NO_2021_IF;15;16553194;399431800;0;;
WPCI77_IDR;WPCI77_EAGLE_AG_L_IDR_NO_2022_IF;96;126680036;2996959940;0;;
WPCI77_IDR;WPCI77_EAGLE_AG_L_IDR_NO_2023_IF;101;103295136;2269722140;0;;
WPCI77_IDR;WPCI77_EAGLE_AG_L_IDR_NO_2024_IF;74;48221620;851979967;0;;
WPCI77_IDR;WPCI77_EAGLE_AG_L_IDR_NO_2025_Q1;14;8535111;325312080;0;;
WPCI77_IDR;WPCI77_EAGLE_AG_L_IDR_NO_2025_Q2;7;6327976;355792700;0;;
WPCI77_IDR;WPCI77_SPRING_AG_L_IDR_NO_2020_IF;8;6995319;273310000;0;;
WPCI77_IDR;WPCI77_SPRING_AG_L_IDR_NO_2021_IF;35;40014788.88;811501865;0;;
WPCI77_IDR;WPCI77_SPRING_AG_L_IDR_NO_2022_IF;229;278347528;5482283115;0;;
WPCI77_IDR;WPCI77_SPRING_AG_L_IDR_NO_2023_IF;348;498769535;8028897313;0;;
WPCI77_IDR;WPCI77_SPRING_AG_L_IDR_NO_2024_IF;424;317542845;5282500151;0;;
WPCI77_IDR;WPCI77_SPRING_AG_L_IDR_NO_2025_Q1;104;105981017;1761436597;0;;
WPCI77_IDR;WPCI77_SPRING_AG_L_IDR_NO_2025_Q2;70;57600391;448883515;0;;
CCBKP__IDR;CCBKP__BUKOPIN_NK_L_IDR_NO_2022_IF;34;829580564;5353554669;0;;
CCWSR__IDR;CCWSR__WOORI_NK_L_IDR_NO_2022_IF;928;7233381589.2;54397972000;0;;
CCBKR__IDR;CCBKR__BUKOPIN_NK_L_IDR_NO_2022_IF;6;140327792;874733328;0;;
CCWSA__IDR;CCWSA__WOORI_NK_L_IDR_NO_2022_IF;680;3316711145;1,13546E+11;0;;
CCBPCN_IDR;CCBPCN_BTPN_NK_L_IDR_NO_2022_IF;74;340346335.03;2790658000;0;;
CCPBMT_IDR;CCPBMT_MANTAP_NK_L_IDR_NO_2022_IF;3;7035000;125000000;0;;
CCBPCN_IDR;CCBPCN_BTPN_NK_L_IDR_NO_2023_IF;35910;44.071.398.722.242.700;2,70145E+12;0;;
CCBPCN_IDR;CCBPCN_BTPN_NK_L_IDR_NO_2024_IF;77850;80.644.419.195.422.900;4,75758E+12;0;;
CCPBMT_IDR;CCPBMT_MANTAP_NK_L_IDR_NO_2023_IF;11021;58846193103.5;7,70249E+11;0;;
CCWSR__IDR;CCWSR__WOORI_NK_L_IDR_NO_2023_IF;1359;9924672795.4;74221767000;0;;
CCWSA__IDR;CCWSA__WOORI_NK_L_IDR_NO_2023_IF;3754;23.048.068.382.379.000;8,82478E+11;0;;
CCBKR__IDR;CCBKR__BUKOPIN_NK_L_IDR_NO_2023_IF;89;1890463400;8934600000;0;;
CCBKP__IDR;CCBKP__BUKOPIN_NK_L_IDR_NO_2023_IF;40;21.130.412.656.402;11517038977;0;;
CCBKA__IDR;CCBKA__BUKOPIN_NK_L_IDR_NO_2023_IF;21;32252700;3188000000;0;;
CCPBMT_IDR;CCPBMT_MANTAP_NK_L_IDR_NO_2024_IF;17307;106457530734.75;1,20831E+12;0;;
CCWSA__IDR;CCWSA__WOORI_NK_L_IDR_NO_2024_IF;2172;8226146576;3,90091E+11;0;;
CCBKA__IDR;CCBKA__BUKOPIN_NK_L_IDR_NO_2024_IF;66;84725750;8478000000;0;;
CCBKP__IDR;CCBKP__BUKOPIN_NK_L_IDR_NO_2024_IF;4;165607034;916347500;0;;
CCBKR__IDR;CCBKR__BUKOPIN_NK_L_IDR_NO_2024_IF;29;612099410;2898300000;0;;
CCPBMT_IDR;CCPBMT_MANTAP_NK_L_IDR_NO_2025_Q1;15816;84299042223.5;4,87125E+11;0;;
CCMTPC_IDR;CCMTPC_MANTAP_NK_L_IDR_NO_2024_IF;4;35582080;358000000;0;;
CCMBSI_IDR;CCMBSI_BSI_NK_L_IDR_SN_2024_IF;10;2.079.174.003.535;1103000000;0;;
CCPBSI_IDR;CCPBSI_BSI_NK_L_IDR_SN_2024_IF;15;3.545.258.712.941;1598500000;0;;
CCWSA__IDR;CCWSA__WOORI_NK_L_IDR_NO_2025_Q1;387;402.584.130.696;24239754334;0;;
CCBPCN_IDR;CCBPCN_BTPN_NK_L_IDR_NO_2025_Q1;9685;11.068.697.822.760.600;6,68799E+11;0;;
CCPBMT_IDR;CCPBMT_MANTAP_NK_L_IDR_NO_2025_Q2;13048;69.778.955.408.875;4,04432E+11;0;;
CCBPCN_IDR;CCBPCN_BTPN_NK_L_IDR_NO_2025_Q2;7981;9.172.152.800.307.060;5,67709E+11;0;;
CCMTA__IDR;CCMTA__MANTAP_NK_L_IDR_NO_2024_IF;2;12870300;966000000;0;;
CCPBSI_IDR;CCPBSI_BSI_NK_L_IDR_SN_2025_Q2;692;14.661.889.871.371.200.000.000.000.000;76143200001;0;;
CCMTA__IDR;CCMTA__MANTAP_NK_L_IDR_NO_2025_Q1;6;15185700;1700000000;0;;
CCPBSI_IDR;CCPBSI_BSI_NK_L_IDR_SN_2025_Q1;158;3.376.801.101.856.660.000;16889000000;0;;
CCWSA__IDR;CCWSA__WOORI_NK_L_IDR_NO_2025_Q2;262;265128052;16794180000;0;;
CCMTA__IDR;CCMTA__MANTAP_NK_L_IDR_NO_2025_Q2;2;19147500;1250000000;0;;
CCMBSI_IDR;CCMBSI_BSI_NK_L_IDR_SN_2025_Q2;1;106500;50000000;0;;
CCBPC3_IDR;CCBPC3_BTPN_NK_L_IDR_NO_2014_IF;3748;0;3,61905E+11;0;;
CCBPC3_IDR;CCBPC3_BTPN_NK_L_IDR_NO_2015_IF;8493;0;9,69418E+11;0;;
CCBPC3_IDR;CCBPC3_BTPN_NK_L_IDR_NO_2016_IF;16555;0;2,02045E+12;0;;
CCBPC3_IDR;CCBPC3_BTPN_NK_L_IDR_NO_2017_IF;22175;0;2,87076E+12;0;;
CCBPC3_IDR;CCBPC3_BTPN_NK_L_IDR_NO_2018_IF;23252;0;2,96747E+12;0;;
CCBPC3_IDR;CCBPC3_BTPN_NK_L_IDR_NO_2019_IF;24170;0;1,53487E+12;0;;
CCBPC3_IDR;CCBPC3_BTPN_NK_L_IDR_NO_2020_IF;14053;0;9,6771E+11;0;;
CCBPC3_IDR;CCBPC3_BTPN_NK_L_IDR_NO_2021_IF;11107;0;7,70316E+11;0;;
CCBPC3_IDR;CCBPC3_BTPN_NK_L_IDR_NO_2022_IF;6911;0;5,00285E+11;0;;
CASFM__IDR;CASFM__EAGLE_AG_H_IDR_SN_2024_IF;723;8385629000;18075000000;0;;
CASFM__IDR;CASFM__SPRING_AG_H_IDR_SN_2024_IF;167;1939037000;4175000000;0;;
CASFM__IDR;CASFM__EAGLE_AG_H_IDR_SN_2025_Q2;743;8078191500;18575000000;0;;
CASFM__IDR;CASFM__AZID_AG_H_IDR_SN_2025_Q2;69;719915000;1725000000;0;;
CASFM__IDR;CASFM__SPRING_AG_H_IDR_SN_2025_Q2;106;1098577000;2650000000;0;;
CASFM__IDR;CASFM__EAGLE_AG_H_IDR_SN_2025_Q1;766;8358767000;19150000000;0;;
CASFM__IDR;CASFM__AZID_AG_H_IDR_SN_2025_Q1;107;1074112000;2675000000;0;;
CASFM__IDR;CASFM__SPRING_AG_H_IDR_SN_2025_Q1;164;1744895000;4100000000;0;;
CALFM__IDR;CALFM__EAGLE_AG_H_IDR_NO_2024_IF;3894;50960266000;97350000000;0;;
CALFM__IDR;CALFM__AZID_AG_H_IDR_NO_2024_IF;254;3258199000;6350000000;0;;
CALFM__IDR;CALFM__SPRING_AG_H_IDR_NO_2024_IF;1448;17008415000;36200000000;0;;
CALFM__IDR;CALFM__EAGLE_AG_H_IDR_NO_2025_Q2;3570;41390270250;89250000000;0;;
CALFM__IDR;CALFM__SPRING_AG_H_IDR_NO_2025_Q2;1531;17009454850;38275000000;0;;
CALFM__IDR;CALFM__AZID_AG_H_IDR_NO_2025_Q2;307;3288203000;7675000000;0;;
CALFM__IDR;CALFM__EAGLE_AG_H_IDR_NO_2025_Q1;3459;40417772000;86475000000;0;;
CALFM__IDR;CALFM__SPRING_AG_H_IDR_NO_2025_Q1;1570;17273362000;39250000000;0;;
CALFM__IDR;CALFM__AZID_AG_H_IDR_NO_2025_Q1;318;3567520000;7950000000;0;;CALFM____H_IDR_NO_2025_Q1
CASFM__IDR;CASFM__AZID_AG_H_IDR_SN_2024_IF;81;826980000;2025000000;0;;
CALFM__IDR;CALFM____H_IDR_NO_2025_Q1;1;8652000;25000000;0;;
CSHCPP_IDR;CSHCPP_SPRING_AG_H_IDR_YR_2024_IF;22;308564950;0;0;;
CSHCPP_IDR;CSHCPP_AZID_AG_H_IDR_YR_2024_IF;8;61300500;0;0;;
CSHCPP_IDR;CSHCPP_EAGLE_AG_H_IDR_YR_2024_IF;19;419492800;0;0;;
CSHCPP_IDR;CSHCPP_EAGLE_AG_H_IDR_YR_2025_Q2;4;49809000;0;0;;
CSHCPP_IDR;CSHCPP_SPRING_AG_H_IDR_YR_2025_Q2;10;137717000;0;0;;
CSHCPP_IDR;CSHCPP_AZID_AG_H_IDR_YR_2025_Q2;4;77662500;0;0;;
CSHCPP_IDR;CSHCPP_SPRING_AG_H_IDR_YR_2025_Q1;6;66626050;0;0;;
CSHCPP_IDR;CSHCPP_AZID_AG_H_IDR_YR_2025_Q1;4;32659100;0;0;;
CSHCPP_IDR;CSHCPP_EAGLE_AG_H_IDR_YR_2025_Q1;2;25923000;0;0;;
CHEAZH_IDR;CHEAZH_OPTIMALL_OT_H_IDR_YR_2024_IF;9;12717000;503976;0;;
CHEAZH_IDR;CHEAZH_OPTIMALL_OT_H_IDR_YR_2025_Q2;1;999000;37443;0;;
CHEAZH_IDR;CHEAZH_OPTIMALL_OT_H_IDR_YR_2025_Q1;18;22194000;87.263.991.815;0;;
CHEAZY_IDR;CHEAZY_TELEMAYBANK_NK_H_IDR_NO_2024_IF;79;380410800;45000000;0;;
CHEAZY_IDR;CHEAZY_TELEWOORI_NK_H_IDR_NO_2024_IF;29;101094000;9100000;0;;
CHEAZY_IDR;CHEAZY_TELEWOORI_NK_H_IDR_NO_2023_IF;1;2973600;300000;0;;
CHEAZY_IDR;CHEAZY_TELEMAYBANK_NK_H_IDR_NO_2025_Q2;32;119611200;13800000;0;;
CHEAZY_IDR;CHEAZY_TELEWOORI_NK_H_IDR_NO_2025_Q2;18;52393200;5400000;0;;
CHEAZY_IDR;CHEAZY_TELEMAYBANK_NK_H_IDR_NO_2025_Q1;32;128666600;15000000;0;;
CHEAZY_IDR;CHEAZY_TELEWOORI_NK_H_IDR_NO_2025_Q1;25;86833200;8100000;0;;
